Reporting starts,Campaign name,Objective,Reach,Impressions,Frequency,Amount spent (VND),CTR (link click-through rate),CPC (All) (VND),"CPM (cost per 1,000 impressions) (VND)","Cost per 1,000 people reached (VND)",Conversions,Conversion values,Cost per conversion,Post comments,Link clicks,Messaging Conversations Started
2025-05-03,05_HEAD_Thiet ke,Messages,311,319,1.025723,25232,0.31348,1146.909091,79097.17868,81131.8328,0,0,0,1,1,1
2025-05-03,08_HEAD_Daily Flower,Messages,430,563,1.309302,51080,0.17762,1964.615385,90728.24156,118790.6977,0,0,0,0,1,1
2025-05-03,05_HEAD_Thiet ke,Messages,2866,3273,1.14201,199299,0.488848,972.190244,60891.84235,69539.07886,0,0,0,5,16,8
2025-05-03,13_HEAD_Campaign_08.03,Messages,2492,3200,1.284109,254354,0.09375,3028.02381,79485.625,102068.2183,0,0,0,0,3,3
2025-05-03,04_HEAD_Breezy,Messages,1414,1578,1.115983,60138,0.823828,653.673913,38110.26616,42530.41018,0,0,0,2,13,3
2025-05-03,01_HEAD_Embrace of Tana,Messages,180,203,1.127778,8696,0.985222,543.5,42837.43842,48311.11111,0,0,0,0,2,0
2025-05-03,04_HEAD_Breezy,Messages,1187,1306,1.100253,76138,1.071975,711.570093,58298.62175,64143.2182,0,0,0,0,14,4
2025-05-03,10_HEAD_Lan Ho diep,Messages,78,81,1.038462,11699,0,2339.8,144432.0988,149987.1795,0,0,0,0,0,0
2025-05-03,01_HEAD_Embrace of Tana,Messages,248,272,1.096774,13137,0.367647,938.357143,48297.79412,52971.77419,0,0,0,0,1,1
2025-05-03,07_Q7_Hoa cat canh,Engagement,635,785,1.23622,63769,0,1328.520833,81234.3949,100423.622,0,0,0,0,0,0
2025-05-03,13_HEAD_Campaign_08.03,Messages,373,447,1.198391,58829,0.223714,1838.40625,131608.5011,157718.4987,0,0,0,0,1,0
2025-05-03,05_HEAD_Thiet ke,Messages,144,148,1.027778,11465,0.675676,1146.5,77466.21622,79618.05556,0,0,0,0,1,0
2025-05-03,07_Q2_Hoa cat canh,Engagement,376,490,1.303191,51131,0.816327,1065.229167,104348.9796,135986.7021,0,0,0,0,4,0
2025-05-03,BR_HTM_Tuong tac,Engagement,772,827,1.071244,26164,0.241838,408.8125,31637.24305,33891.19171,0,0,0,0,2,0
2025-05-03,05_HEAD_Thiet ke,Messages,14,14,1,951,0,951,67928.57143,67928.57143,0,0,0,0,0,0
2025-05-03,07_HEAD_Hoa cat canh,Engagement,687,755,1.098981,45075,0.529801,715.47619,59701.98676,65611.35371,0,0,0,0,4,0
2025-05-03,07_HEAD_Hoa cat canh,Engagement,949,1271,1.339305,104409,1.022817,984.990566,82147.12825,110020.0211,0,0,0,0,13,2
2025-05-03,07_HEAD_Hoa cat canh,Engagement,749,947,1.264352,76080,0.63358,916.626506,80337.90919,101575.4339,0,0,0,0,6,1
2025-05-03,07_HEAD_Hoa cat canh,Engagement,2542,3437,1.352085,192869,0.669188,733.342205,56115.50771,75872.9347,0,0,0,1,23,3
2025-05-03,01_HEAD_Embrace of Tana,Messages,0,0,0,0,0,0,0,0,0,0,0,0,0,1
2025-05-03,11_Q2_Hon hop,Messages,1944,2232,1.148148,156487,0.582437,1086.715278,70110.66308,80497.42798,0,0,0,0,13,8
2025-05-03,BR_Mokar_Tuong tac,Engagement,1658,1706,1.028951,25248,0.644783,158.792453,14799.53107,15227.98553,0,0,0,2,11,0
2025-05-03,08_HEAD_Daily Flower,Messages,468,589,1.258547,52055,0.848896,1156.777778,88378.60781,111228.6325,0,0,0,0,5,1
2025-05-03,07_Q2_Hoa cat canh,Engagement,499,675,1.352705,72801,1.037037,957.907895,107853.3333,145893.7876,0,0,0,0,7,0
2025-05-03,10_HEAD_Lan Ho diep,Messages,3863,4306,1.114678,212533,0.905713,651.941718,49357.40827,55017.6029,0,0,0,8,39,27
2025-05-03,BR_HTM_Tuong tac,Engagement,152,161,1.059211,4826,0,603.25,29975.15528,31750,0,0,0,0,0,0
2025-05-03,05_HEAD_Thiet ke,Messages,1451,1582,1.090283,107524,0.695322,833.51938,67967.13022,74103.37698,0,0,0,0,11,3
2025-05-03,05_HEAD_Thiet ke,Messages,173,177,1.023121,9624,0,740.307692,54372.88136,55630.0578,0,0,0,0,0,1
2025-05-03,10_HEAD_Lan Ho diep,Messages,467,561,1.201285,53341,0.356506,1666.90625,95081.99644,114220.5567,0,0,0,0,2,0
2025-05-03,01_HEAD_Embrace of Tana,Messages,3198,3667,1.146654,108059,0.763567,507.319249,29467.95746,33789.55597,0,0,0,3,28,12
2025-05-03,10_HEAD_Lan Ho diep,Messages,1837,2013,1.095808,119336,0.844511,823.006897,59282.66269,64962.43876,0,0,0,1,17,8
2025-05-03,10_HEAD_Lan Ho diep,Messages,7,7,1,860,0,860,122857.1429,122857.1429,0,0,0,0,0,0
2025-05-03,11_Q7_Hon hop,Messages,3646,3919,1.074877,117840,1.913754,352.814371,30068.89513,32320.35107,0,0,0,5,75,12
2025-05-03,07_Q7_Hoa cat canh,Engagement,218,282,1.293578,28114,1.06383,1124.56,99695.03546,128963.3028,0,0,0,0,3,0
2025-05-03,10_HEAD_Lan Ho diep,Messages,5,5,1,550,0,550,110000,110000,0,0,0,0,0,0
2025-05-03,BR_HTM_Tuong tac,Engagement,1412,1502,1.063739,25661,1.664447,154.584337,17084.55393,18173.51275,0,0,0,0,25,0
2025-05-03,13_Campaigns Trung thu 2022,Engagement,2603,3278,1.259316,176621,0.152532,1820.835052,53880.71995,67852.86208,0,0,0,0,5,3
2025-05-03,10_HEAD_Lan Ho diep,Messages,501,593,1.183633,56656,0.337268,1490.947368,95541.31535,113085.8283,0,0,0,0,2,0
2025-05-03,BR_HTM_Tuong tac,Engagement,981,1244,1.268094,30144,3.376206,116.837209,24231.51125,30727.82875,0,0,0,0,42,2
2025-05-03,07_HEAD_Hoa cat canh,Engagement,574,646,1.125436,57997,0.619195,1017.491228,89778.63777,101040.0697,0,0,0,0,4,0
2025-05-03,11_Q7_Hon hop,Messages,5376,5791,1.077195,182477,1.761354,365.685371,31510.44725,33942.89435,0,0,0,8,102,14
2025-05-03,05_HEAD_Thiet ke,Messages,220,249,1.131818,22566,0.401606,1504.4,90626.50602,102572.7273,0,0,0,0,1,0
2025-05-03,07_HEAD_Hoa cat canh,Engagement,100,118,1.18,14385,0,3596.25,121906.7797,143850,0,0,0,0,0,0
2025-05-02,08_HEAD_Daily Flower,Messages,342,457,1.336257,51412,0.656455,1606.625,112498.9059,150327.4854,0,0,0,0,3,0
2025-05-02,05_HEAD_Thiet ke,Messages,2005,2270,1.13217,159156,0.837004,795.78,70112.77533,79379.55112,0,0,0,1,19,8
2025-05-02,05_HEAD_Thiet ke,Messages,208,226,1.086538,22195,0,2017.727273,98207.9646,106706.7308,0,0,0,0,0,0
2025-05-02,04_HEAD_Breezy,Messages,911,1015,1.11416,44358,1.083744,504.068182,43702.46305,48691.54775,0,0,0,0,11,2
2025-05-02,01_HEAD_Embrace of Tana,Messages,393,447,1.137405,20085,0.894855,836.875,44932.88591,51106.87023,0,0,0,2,4,1
2025-05-02,10_HEAD_Lan Ho diep,Messages,265,290,1.09434,21559,1.034483,898.291667,74341.37931,81354.71698,0,0,0,0,3,0
2025-05-02,13_HEAD_Campaign_08.03,Messages,425,543,1.277647,83525,0.368324,1518.636364,153821.3628,196529.4118,0,0,0,0,2,2
2025-05-02,01_HEAD_Embrace of Tana,Messages,694,838,1.207493,51584,0.71599,904.982456,61556.08592,74328.53026,0,0,0,2,6,5
2025-05-02,13_HEAD_Campaign_08.03,Messages,1995,2499,1.252632,214176,0.240096,2079.378641,85704.68187,107356.391,0,0,0,1,6,5
2025-05-02,BR_HTM_Tuong tac,Engagement,662,713,1.077039,20920,0.140252,550.526316,29340.81346,31601.20846,0,0,0,0,1,0
2025-05-02,05_HEAD_Thiet ke,Messages,103,115,1.116505,9943,0.869565,1420.428571,86460.86957,96533.98058,0,0,0,0,1,2
2025-05-02,04_HEAD_Breezy,Messages,1375,1511,1.098909,87153,1.389808,650.395522,57679.02052,63384,0,0,0,1,21,10
2025-05-02,07_HEAD_Hoa cat canh,Engagement,843,1197,1.419929,102976,0.75188,751.649635,86028.40434,122154.2112,0,0,0,0,9,1
2025-05-02,05_HEAD_Thiet ke,Messages,7,8,1.142857,309,0,309,38625,44142.85714,0,0,0,0,0,0
2025-05-02,11_Q2_Hon hop,Messages,420,433,1.030952,30187,1.847575,591.901961,69715.93534,71873.80952,0,0,0,1,8,0
2025-05-02,01_HEAD_Embrace of Tana,Messages,1922,2199,1.144121,92188,1.227831,743.451613,41922.69213,47964.62019,0,0,0,1,27,3
2025-05-02,07_HEAD_Hoa cat canh,Engagement,1092,1463,1.339744,108020,0.75188,670.931677,73834.58647,98919.41392,0,0,0,0,11,4
2025-05-02,07_Q7_Hoa cat canh,Engagement,695,936,1.346763,75973,0.747863,649.34188,81167.73504,109313.6691,0,0,0,0,7,2
2025-05-02,08_HEAD_Daily Flower,Messages,457,564,1.234136,54347,0.886525,1358.675,96359.92908,118921.2254,0,0,0,0,5,0
2025-05-02,11_Q2_Hon hop,Messages,834,903,1.082734,70605,0.221484,1260.803571,78189.36877,84658.27338,0,0,0,1,2,1
2025-05-02,07_HEAD_Hoa cat canh,Engagement,278,302,1.086331,14741,0,818.944444,48811.25828,53025.17986,0,0,0,0,0,3
2025-05-02,BR_HTM_Tuong tac,Engagement,310,337,1.087097,10163,0,508.15,30157.27003,32783.87097,0,0,0,1,0,0
2025-05-02,07_Q2_Hoa cat canh,Engagement,703,961,1.366999,107958,0.416233,1300.698795,112339.23,153567.5676,0,0,0,0,4,0
2025-05-02,07_HEAD_Hoa cat canh,Engagement,1981,2917,1.472489,163057,0.514227,556.508532,55898.8687,82310.44927,0,0,0,0,15,6
2025-05-02,10_HEAD_Lan Ho diep,Messages,457,507,1.109409,52761,1.380671,1319.025,104065.0888,115450.7659,0,0,0,0,7,1
2025-05-02,05_HEAD_Thiet ke,Messages,1551,1730,1.115409,130582,0.751445,781.928144,75480.92486,84192.13411,0,0,0,0,13,4
2025-05-02,BR_Mokar_Tuong tac,Engagement,1665,1718,1.031832,25797,0.931315,142.524862,15015.71595,15493.69369,0,0,0,1,16,1
2025-05-02,10_HEAD_Lan Ho diep,Messages,42,43,1.02381,4751,0,1583.666667,110488.3721,113119.0476,0,0,0,0,0,0
2025-05-02,01_HEAD_Embrace of Tana,Messages,757,799,1.055482,18310,0.250313,523.142857,22916.14518,24187.58256,0,0,0,0,2,0
2025-05-02,10_HEAD_Lan Ho diep,Messages,3964,4327,1.091574,165131,0.970649,469.122159,38162.93044,41657.66902,0,0,0,11,42,16
2025-05-02,10_HEAD_Lan Ho diep,Messages,18,19,1.055556,1085,0,0,57105.26316,60277.77778,0,0,0,0,0,0
2025-05-02,BR_HTM_Tuong tac,Engagement,1560,1626,1.042308,25650,1.783518,115.022422,15774.90775,16442.30769,0,0,0,0,29,0
2025-05-02,05_HEAD_Thiet ke,Messages,143,154,1.076923,4992,0,624,32415.58442,34909.09091,0,0,0,0,0,0
2025-05-02,10_HEAD_Lan Ho diep,Messages,983,1215,1.236012,97339,0.823045,1046.655914,80114.40329,99022.38047,0,0,0,1,10,3
2025-05-02,BR_HTM_Tuong tac,Engagement,801,1069,1.334582,31046,4.396632,97.936909,29042.09542,38759.05119,0,0,0,0,47,0
2025-05-02,13_Campaigns Trung thu 2022,Engagement,1885,2388,1.266844,160104,0.125628,2223.666667,67045.22613,84935.80902,0,0,0,0,3,3
2025-05-02,07_HEAD_Hoa cat canh,Engagement,650,721,1.109231,72106,0,1163,100008.3218,110932.3077,0,0,0,0,0,0
2025-05-02,08_HEAD_Daily Flower,Messages,0,0,0,0,0,0,0,0,0,0,0,0,0,1
2025-05-02,11_Q7_Hon hop,Messages,8820,9607,1.089229,301049,1.634225,377.254386,31336.42136,34132.53968,0,0,0,11,157,22
2025-05-02,11_Q2_Hon hop,Messages,672,718,1.068452,34206,0.278552,684.12,47640.66852,50901.78571,0,0,0,0,2,0
2025-05-01,07_HEAD_Hoa cat canh,Engagement,656,788,1.20122,56062,0.380711,709.64557,71144.67005,85460.36585,0,0,0,1,3,1
2025-05-01,10_HEAD_Lan Ho diep,Messages,1543,1950,1.263772,145557,0.769231,841.369942,74644.61539,94333.76539,0,0,0,3,15,6
2025-05-01,BR_HTM_Tuong tac,Engagement,790,850,1.075949,19805,0.352941,404.183673,23300,25069.62025,0,0,0,0,3,0
2025-05-01,07_Q2_Hoa cat canh,Engagement,737,979,1.328358,84688,0.81716,984.744186,86504.59653,114909.0909,0,0,0,1,8,2
2025-05-01,13_HEAD_Campaign_08.03,Messages,1868,2556,1.368308,200864,0.195618,2282.545455,78585.28952,107528.9079,0,0,0,0,5,2
2025-05-01,07_HEAD_Hoa cat canh,Engagement,1099,1342,1.22111,87397,0.447094,848.514563,65124.44113,79524.11283,0,0,0,0,6,2
2025-05-01,05_HEAD_Thiet ke,Messages,504,586,1.162698,53352,0.341297,1159.826087,91044.3686,105857.1429,0,0,0,2,2,3
2025-05-01,04_HEAD_Breezy,Messages,1305,1468,1.124904,76351,0.817439,636.258333,52010.21798,58506.51341,0,0,0,0,12,4
2025-05-01,08_HEAD_Daily Flower,Messages,539,758,1.406308,52878,1.055409,979.222222,69759.89446,98103.8961,0,0,0,0,8,2
2025-05-01,01_HEAD_Embrace of Tana,Messages,4762,5656,1.187736,182279,0.477369,591.814935,32227.54597,38277.82444,0,0,0,1,27,8
2025-05-01,11_Q2_Hon hop,Messages,566,593,1.047703,30823,2.866779,467.015152,51978.07757,54457.59717,0,0,0,0,17,3
2025-05-01,BR_HTM_Tuong tac,Engagement,325,341,1.049231,11270,0,402.5,33049.85337,34676.92308,0,0,0,0,0,0
2025-05-01,BR_HTM_Tuong tac,Engagement,1542,1647,1.068093,25946,1.700061,132.377551,15753.4912,16826.19974,0,0,0,0,28,0
2025-05-01,07_Q7_Hoa cat canh,Engagement,525,674,1.28381,52431,0.148368,919.842105,77790.80119,99868.57143,0,0,0,0,1,0
2025-05-01,10_HEAD_Lan Ho diep,Messages,401,481,1.199501,50312,0.831601,2096.333333,104598.7526,125466.3342,0,0,0,0,4,0
2025-05-01,BR_HTM_Tuong tac,Engagement,1332,1536,1.153153,31058,1.171875,176.465909,20220.05208,23316.81682,0,0,0,0,18,0
2025-05-01,07_HEAD_Hoa cat canh,Engagement,587,721,1.228279,48368,0.138696,1007.666667,67084.60472,82398.63714,0,0,0,1,1,4
2025-05-01,10_HEAD_Lan Ho diep,Messages,95,114,1.2,10094,0.877193,1442,88543.85965,106252.6316,0,0,0,0,1,0
2025-05-01,11_Q7_Hon hop,Messages,8864,9732,1.097924,305989,1.644061,359.564042,31441.53309,34520.41968,0,0,0,8,160,28
2025-05-01,07_HEAD_Hoa cat canh,Engagement,207,244,1.178744,17551,0,1462.583333,71930.32787,84787.43961,0,0,0,0,0,1
2025-05-01,11_Q2_Hon hop,Messages,0,0,0,0,0,0,0,0,0,0,0,0,0,2
2025-05-01,07_HEAD_Hoa cat canh,Engagement,1106,1484,1.341772,72950,0.673854,657.207207,49157.68194,65958.40868,0,0,0,0,10,4
2025-05-01,BR_Mokar_Tuong tac,Engagement,1692,1750,1.034279,25936,1.2,133.690722,14820.57143,15328.6052,0,0,0,1,21,0
2025-05-01,10_HEAD_Lan Ho diep,Messages,3764,4174,1.108927,156927,1.054145,450.939655,37596.31049,41691.55154,0,0,0,4,44,10
2025-05-01,13_Campaigns Trung thu 2022,Engagement,1858,2415,1.299785,156058,0.165631,2108.891892,64620.28986,83992.46502,0,0,0,0,4,2
2025-04-30,05_HEAD_Thiet ke,Messages,322,358,1.111801,33651,0.27933,961.457143,93997.2067,104506.2112,0,0,0,0,1,1
2025-04-30,BR_HTM_Tuong tac,Engagement,716,777,1.085196,20031,1.029601,328.377049,25779.92278,27976.25698,0,0,0,0,8,0
2025-04-30,10_HEAD_Lan Ho diep,Messages,735,848,1.153741,79958,0.589623,999.475,94290.09434,108786.3946,0,0,0,0,5,4
2025-04-30,05_HEAD_Thiet ke,Messages,32,35,1.09375,311,0,0,8885.714286,9718.75,0,0,0,0,0,0
2025-04-30,07_HEAD_Hoa cat canh,Engagement,892,1130,1.266816,79021,0.530973,823.135417,69930.0885,88588.56502,0,0,0,0,6,1
2025-04-30,13_HEAD_Campaign_08.03,Messages,1356,1618,1.193215,120744,0.123609,2081.793103,74625.46354,89044.24779,0,0,0,0,2,1
2025-04-30,07_HEAD_Hoa cat canh,Engagement,593,736,1.241147,43757,0.951087,825.603774,59452.44565,73789.20742,0,0,0,0,7,0
2025-04-30,13_HEAD_Campaign,Engagement,46,47,1.021739,5315,0,1328.75,113085.1064,115543.4783,0,0,0,0,0,0
2025-04-30,04_HEAD_Breezy,Messages,1238,1379,1.113893,57850,0.797679,521.171171,41950.68891,46728.59451,0,0,0,0,11,3
2025-04-30,07_Q2_Hoa cat canh,Engagement,1236,1484,1.200647,106773,0.606469,707.10596,71949.46092,86385.92233,0,0,0,0,9,2
2025-04-30,13_HEAD_Campaign,Engagement,32,32,1,3014,0,3014,94187.5,94187.5,0,0,0,0,0,0
2025-04-30,11_Q2_Hon hop,Messages,667,708,1.061469,37616,2.118644,413.362637,53129.9435,56395.8021,0,0,0,2,15,1
2025-04-30,05_HEAD_Thiet ke,Messages,1120,1227,1.095536,95555,0.651997,776.869919,77876.93562,85316.96429,0,0,0,1,8,4
2025-04-30,13_HEAD_Campaign,Engagement,16,16,1,1835,0,0,114687.5,114687.5,0,0,0,0,0,0
2025-04-30,10_HEAD_Lan Ho diep,Messages,398,416,1.045226,20455,0.721154,552.837838,49170.67308,51394.47236,0,0,0,1,3,1
2025-04-30,01_HEAD_Embrace of Tana,Messages,4123,4855,1.177541,146270,0.494336,573.607843,30127.7034,35476.59471,0,0,0,1,24,19
2025-04-30,13_HEAD_Campaign,Engagement,5,6,1.2,1300,0,1300,216666.6667,260000,0,0,0,0,0,0
2025-04-30,07_Q7_Hoa cat canh,Engagement,925,1119,1.20973,83831,0.80429,665.325397,74915.99643,90628.10811,0,0,0,0,9,2
2025-04-30,BR_HTM_Tuong tac,Engagement,1474,1593,1.080733,29663,1.883239,138.61215,18620.84118,20124.15197,0,0,0,0,30,0
2025-04-30,13_HEAD_Campaign,Engagement,113,127,1.123894,17073,1.574803,1422.75,134433.0709,151088.4956,0,0,0,0,2,0
2025-04-30,07_HEAD_Hoa cat canh,Engagement,547,707,1.292505,60041,0.565771,968.403226,84923.62093,109764.1682,0,0,0,0,4,2
2025-04-30,BR_HTM_Tuong tac,Engagement,1067,1303,1.221181,37297,1.841903,176.763033,28623.94474,34955.01406,0,0,0,0,24,0
2025-04-30,07_HEAD_Hoa cat canh,Engagement,513,626,1.220273,58999,0.319489,967.196721,94247.60383,115007.7973,0,0,0,0,2,1
2025-04-30,07_HEAD_Hoa cat canh,Engagement,219,254,1.159817,17438,0.393701,1453.166667,68653.54331,79625.57078,0,0,0,0,1,1
2025-04-30,11_Q7_Hon hop,Messages,6998,7528,1.075736,218788,1.700319,332,29063.23061,31264.36125,0,0,0,7,128,20
2025-04-30,07_HEAD_Hoa cat canh,Engagement,426,479,1.124413,38202,0.417537,1091.485714,79753.65345,89676.05634,0,0,0,0,2,0
2025-04-30,07_HEAD_Hoa cat canh,Engagement,1354,1835,1.355244,101309,0.435967,637.163522,55209.26431,74822.00886,0,0,0,0,8,2
2025-04-30,11_Q2_Hon hop,Messages,673,711,1.056464,55270,0.703235,986.964286,77735.58369,82124.81426,0,0,0,0,5,1
2025-04-30,07_HEAD_Hoa cat canh,Engagement,35,37,1.057143,1938,0,0,52378.37838,55371.42857,0,0,0,0,0,0
2025-04-30,BR_Mokar_Tuong tac,Engagement,1543,1595,1.033701,23646,0.940439,136.682081,14825.07837,15324.69216,0,0,0,3,15,3
2025-04-30,10_HEAD_Lan Ho diep,Messages,162,166,1.024691,17205,1.204819,1228.928571,103644.5783,106203.7037,0,0,0,2,2,1
2025-04-30,10_HEAD_Lan Ho diep,Messages,2793,3111,1.113856,130948,0.578592,525.895582,42091.93186,46884.35374,0,0,0,7,18,17
2025-04-30,01_HEAD_Embrace of Tana,Messages,404,428,1.059406,18127,0.46729,823.954545,42352.80374,44868.81188,0,0,0,1,2,1
2025-04-30,10_HEAD_Lan Ho diep,Messages,132,132,1,13054,0.757576,1631.75,98893.93939,98893.93939,0,0,0,0,1,0
2025-04-30,10_HEAD_Lan Ho diep,Messages,605,661,1.092562,44438,0.75643,705.365079,67228.44176,73451.23967,0,0,0,0,5,1
2025-04-30,13_Campaigns Trung thu 2022,Engagement,1795,2316,1.290251,122688,0.129534,2359.384615,52974.09326,68349.86072,0,0,0,0,3,0
2025-04-30,08_HEAD_Daily Flower,Messages,652,858,1.315951,65361,0.815851,1167.160714,76178.32168,100246.9325,0,0,0,0,7,0
2025-04-30,13_HEAD_Campaign_08.03,Messages,0,0,0,0,0,0,0,0,0,0,0,0,0,1
2025-04-30,BR_HTM_Tuong tac,Engagement,238,252,1.058824,8697,0,457.736842,34511.90476,36542.01681,0,0,0,0,0,0
2025-04-30,10_HEAD_Lan Ho diep,Messages,203,228,1.123153,17517,0.877193,1251.214286,76828.94737,86290.64039,0,0,0,0,2,0
2025-04-30,10_HEAD_Lan Ho diep,Messages,303,327,1.079208,29113,0.30581,1712.529412,89030.58104,96082.50825,0,0,0,0,1,0
2025-04-30,10_HEAD_Lan Ho diep,Messages,125,139,1.112,12592,0,1259.2,90589.92806,100736,0,0,0,0,0,0
2025-04-29,BR_HTM_Tuong tac,Engagement,572,605,1.057692,18564,0.330579,357,30684.29752,32454.54546,0,0,0,0,2,0
2025-04-29,05_HEAD_Thiet ke,Messages,883,999,1.13137,92812,0.700701,918.930693,92904.90491,105109.8528,0,0,0,1,7,5
2025-04-29,05_HEAD_Thiet ke,Messages,143,153,1.06993,11231,2.614379,623.944444,73405.22876,78538.46154,0,0,0,0,4,1
2025-04-29,07_HEAD_Hoa cat canh,Engagement,628,850,1.353503,93638,0.588235,1128.168675,110162.3529,149105.0955,0,0,0,0,5,2
2025-04-29,05_HEAD_Thiet ke,Messages,71,87,1.225352,1980,0,660,22758.62069,27887.32394,0,0,0,0,0,0
2025-04-29,11_Q7_Hon hop,Messages,371,396,1.067385,31454,1.262626,806.512821,79429.29293,84781.67116,0,0,0,0,5,1
2025-04-29,07_HEAD_Hoa cat canh,Engagement,191,203,1.062827,19890,0.985222,904.090909,97980.29557,104136.1257,0,0,0,0,2,1
2025-04-29,05_HEAD_Thiet ke,Messages,438,474,1.082192,50389,0,1361.864865,106305.9072,115043.379,0,0,0,0,0,1
2025-04-29,10_HEAD_Lan Ho diep,Messages,190,196,1.031579,26892,0,2068.615385,137204.0816,141536.8421,0,0,0,0,0,0
2025-04-29,07_HEAD_Hoa cat canh,Engagement,169,188,1.112426,12009,0,1000.75,63877.65957,71059.1716,0,0,0,0,0,0
2025-04-29,05_HEAD_Thiet ke,Messages,59,64,1.084746,4050,0,578.571429,63281.25,68644.0678,0,0,0,0,0,0
2025-04-29,11_Q2_Hon hop,Messages,273,278,1.018315,17096,0,1899.555556,61496.40288,62622.71062,0,0,0,0,0,0
2025-04-29,07_HEAD_Hoa cat canh,Engagement,245,277,1.130612,23810,0.722022,1082.272727,85956.6787,97183.67347,0,0,0,0,2,0
2025-04-29,07_HEAD_Hoa cat canh,Engagement,749,1029,1.373832,96667,0.097182,1223.632911,93942.66278,129061.4152,0,0,0,0,1,3
2025-04-29,13_HEAD_Campaign_08.03,Messages,982,1164,1.185336,93769,0.085911,2344.225,80557.56014,95487.78004,0,0,0,0,1,0
2025-04-29,10_HEAD_Lan Ho diep,Messages,35,36,1.028571,4079,2.777778,815.8,113305.5556,116542.8571,0,0,0,0,1,0
2025-04-29,07_Q2_Hoa cat canh,Engagement,850,1111,1.307059,117795,0.450045,1308.833333,106026.1026,138582.3529,0,0,0,0,5,0
2025-04-29,04_HEAD_Breezy,Messages,1097,1234,1.124886,82070,1.620746,689.663866,66507.29336,74813.12671,0,0,0,2,20,7
2025-04-29,10_HEAD_Lan Ho diep,Messages,0,0,0,0,0,0,0,0,0,0,0,0,0,0
2025-04-29,01_HEAD_Embrace of Tana,Messages,3717,4299,1.156578,126559,0.37218,562.484444,29439.1719,34048.69518,0,0,0,3,16,13
2025-04-29,11_Q2_Hon hop,Messages,501,523,1.043912,34876,1.720841,528.424242,66684.51243,69612.77445,0,0,0,0,9,0
2025-04-29,01_HEAD_Embrace of Tana,Messages,1634,1791,1.096083,68016,0.94919,708.5,37976.54941,41625.459,0,0,0,3,17,3
2025-04-29,BR_HTM_Tuong tac,Engagement,1154,1273,1.10312,29498,2.435192,129.947137,23172.03456,25561.52513,0,0,0,0,31,0
2025-04-29,10_HEAD_Lan Ho diep,Messages,2212,2467,1.11528,118449,1.297122,473.796,48013.37657,53548.37251,0,0,0,7,32,16
2025-04-29,10_HEAD_Lan Ho diep,Messages,234,265,1.132479,27035,0,1931.071429,102018.8679,115534.188,0,0,0,0,0,0
2025-04-29,07_Q2_Hoa cat canh,Engagement,0,0,0,0,0,0,0,0,0,0,0,0,0,1
2025-04-29,07_Q7_Hoa cat canh,Engagement,651,833,1.27957,88155,0.120048,1130.192308,105828.3313,135414.7465,0,0,0,0,1,1
2025-04-29,08_HEAD_Daily Flower,Messages,478,682,1.426778,68520,1.319648,1022.686567,100469.2082,143347.2803,0,0,0,0,9,2
2025-04-29,BR_HTM_Tuong tac,Engagement,842,1036,1.230404,35006,2.316602,187.197861,33789.57529,41574.82185,0,0,0,0,24,0
2025-04-29,07_HEAD_Hoa cat canh,Engagement,267,324,1.213483,26516,0.617284,1262.666667,81839.50617,99310.86142,0,0,0,0,2,1
2025-04-29,13_HEAD_Campaign_08.03,Messages,711,873,1.227848,72159,0,4008.833333,82656.35739,101489.4515,0,0,0,0,0,0
2025-04-29,11_Q7_Hon hop,Messages,6692,7345,1.097579,223552,1.688223,370.733002,30435.94282,33405.85774,0,0,0,6,124,16
2025-04-29,07_HEAD_Hoa cat canh,Engagement,972,1437,1.478395,108172,0.695894,909.008403,75276.27001,111288.0658,0,0,0,0,10,4
2025-04-29,11_Q7_Hon hop,Messages,53,57,1.075472,9060,0,3020,158947.3684,170943.3962,0,0,0,0,0,0
2025-04-29,11_Q2_Hon hop,Messages,2133,2395,1.122832,148865,0.334029,1019.623288,62156.5762,69791.37365,0,0,0,2,8,4
2025-04-29,BR_Mokar_Tuong tac,Engagement,1441,1501,1.041638,24076,0.866089,152.379747,16039.97335,16707.84178,0,0,0,3,13,2
2025-04-29,BR_HTM_Tuong tac,Engagement,243,262,1.078189,10310,0,736.428571,39351.14504,42427.98354,0,0,0,0,0,0
2025-04-29,10_HEAD_Lan Ho diep,Messages,339,352,1.038348,15317,1.136364,547.035714,43514.20455,45182.89086,0,0,0,0,4,0
2025-04-29,05_HEAD_Thiet ke,Messages,509,550,1.08055,19909,0.727273,452.477273,36198.18182,39113.94892,0,0,0,0,4,0
2025-04-29,13_Campaigns Trung thu 2022,Engagement,1863,2359,1.266237,136219,0.042391,2670.960784,57744.38321,73118.0891,0,0,0,0,1,1
2025-04-29,10_HEAD_Lan Ho diep,Messages,965,1266,1.311917,102356,0.868878,974.819048,80849.92101,106068.3938,0,0,0,1,11,9
2025-04-28,BR_HTM_Tuong tac,Engagement,925,1002,1.083243,29866,0.698603,335.573034,29806.38723,32287.56757,0,0,0,0,7,1
2025-04-28,13_HEAD_Campaign_08.03,Messages,627,716,1.141946,55468,0.27933,1584.8,77469.27374,88465.70973,0,0,0,0,2,2
2025-04-28,05_HEAD_Thiet ke,Messages,463,531,1.146868,26425,0.564972,677.564103,49764.5951,57073.43413,0,0,0,0,3,1
2025-04-28,07_HEAD_Hoa cat canh,Engagement,676,892,1.319527,96299,0.672646,1174.378049,107958.5202,142454.142,0,0,0,0,6,2
2025-04-28,04_HEAD_Breezy,Messages,820,882,1.07561,54060,1.473923,594.065934,61292.51701,65926.82927,0,0,0,1,13,2
2025-04-28,07_HEAD_Hoa cat canh,Engagement,457,589,1.28884,62052,0,1216.705882,105351.4431,135781.1816,0,0,0,0,0,2
2025-04-28,07_HEAD_Hoa cat canh,Engagement,215,251,1.167442,20498,0,4099.6,81665.33865,95339.53488,0,0,0,0,0,0
2025-04-28,11_Q2_Hon hop,Messages,2335,2527,1.082227,128979,1.780768,588.945205,51040.36407,55237.2591,0,0,0,2,45,10
2025-04-28,07_Q2_Hoa cat canh,Engagement,848,1182,1.393868,122397,0.846024,1188.320388,103550.7614,144336.0849,0,0,0,0,10,2
2025-04-28,10_HEAD_Lan Ho diep,Messages,313,354,1.13099,36932,0.282486,1273.517241,104327.6836,117993.6102,0,0,0,0,1,1
2025-04-28,10_HEAD_Lan Ho diep,Messages,464,487,1.049569,27010,1.026694,435.645161,55462.01232,58211.2069,0,0,0,1,5,5
2025-04-28,05_HEAD_Thiet ke,Messages,322,358,1.111801,33856,1.396648,868.102564,94569.8324,105142.8571,0,0,0,0,5,1
2025-04-28,01_HEAD_Embrace of Tana,Messages,930,1050,1.129032,53875,1.142857,828.846154,51309.52381,57930.10753,0,0,0,1,12,3
2025-04-28,07_Q7_Hoa cat canh,Engagement,666,865,1.298799,89383,0.231214,1489.716667,103332.948,134208.7087,0,0,0,0,2,0
2025-04-28,01_HEAD_Embrace of Tana,Messages,2866,3322,1.159107,106603,0.421433,658.04321,32090.00602,37195.7432,0,0,0,2,14,7
2025-04-28,10_HEAD_Lan Ho diep,Messages,1474,1972,1.337856,143207,0.963489,948.390728,72620.18256,97155.35957,0,0,0,2,19,3
2025-04-28,07_HEAD_Hoa cat canh,Engagement,464,567,1.221983,58592,0.352734,2253.538462,103336.8607,126275.8621,0,0,0,0,2,1
2025-04-28,BR_HTM_Tuong tac,Engagement,964,995,1.032158,29396,2.211055,213.014493,29543.71859,30493.77593,0,0,0,0,22,2
2025-04-28,08_HEAD_Daily Flower,Messages,205,264,1.287805,32238,1.893939,1007.4375,122113.6364,157258.5366,0,0,0,0,5,1
2025-04-28,07_HEAD_Hoa cat canh,Engagement,1217,1749,1.437141,142578,0.228702,1004.070423,81519.72556,117155.2999,0,0,0,0,4,2
2025-04-28,BR_HTM_Tuong tac,Engagement,787,984,1.250318,29360,1.829268,158.702703,29837.39837,37306.22618,0,0,0,0,18,2
2025-04-28,13_HEAD_Campaign_08.03,Messages,550,610,1.109091,42198,0,4688.666667,69177.04918,76723.63636,0,0,0,0,0,0
2025-04-28,BR_Mokar_Tuong tac,Engagement,1536,1612,1.049479,24461,1.116625,137.421348,15174.31762,15925.13021,0,0,0,2,18,2
2025-04-28,08_HEAD_Daily Flower,Messages,60,76,1.266667,9452,1.315789,1050.222222,124368.4211,157533.3333,0,0,0,0,1,0
2025-04-28,10_HEAD_Lan Ho diep,Messages,2300,2533,1.101304,107464,1.06593,457.293617,42425.58231,46723.47826,0,0,0,1,27,18
2025-04-28,08_HEAD_Daily Flower,Messages,482,512,1.062241,29013,0.78125,707.634146,56666.01563,60192.94606,0,0,0,0,4,0
2025-04-28,05_HEAD_Thiet ke,Messages,2815,3562,1.265364,154691,0.449186,583.739623,43428.13026,54952.39787,0,0,0,0,16,8
2025-04-28,11_Q7_Hon hop,Messages,4938,5336,1.080599,165718,1.836582,348.147059,31056.5967,33559.74079,0,0,0,6,98,13
2025-04-28,13_Campaigns Trung thu 2022,Engagement,1216,1540,1.266447,86947,0.25974,1849.93617,56459.09091,71502.46711,0,0,0,0,4,2
2025-04-28,11_Q2_Hon hop,Messages,0,0,0,0,0,0,0,0,0,0,0,0,0,1
2025-04-28,13_HEAD_Campaign_08.03,Messages,832,966,1.161058,51345,0.10352,1901.666667,53152.17391,61712.74039,0,0,0,0,1,1
2025-04-28,10_HEAD_Lan Ho diep,Messages,469,544,1.159915,45692,1.102941,846.148148,83992.64706,97424.30704,0,0,0,0,6,2
2025-04-27,BR_HTM_Tuong tac,Engagement,903,977,1.081949,30070,0.307062,462.615385,30777.89151,33300.11074,0,0,0,0,3,1
2025-04-27,13_HEAD_Campaign_08.03,Messages,96,113,1.177083,14878,0,14878,131663.7168,154979.1667,0,0,0,0,0,0
2025-04-27,01_HEAD_Embrace of Tana,Messages,34,34,1,1252,2.941176,208.666667,36823.52941,36823.52941,0,0,0,0,1,0
2025-04-27,07_HEAD_Hoa cat canh,Engagement,900,1383,1.536667,135588,0.433839,1139.394958,98039.04555,150653.3333,0,0,0,0,6,0
2025-04-27,04_HEAD_Breezy,Messages,727,794,1.09216,46946,0.881612,958.081633,59125.94458,64574.96561,0,0,0,0,7,2
2025-04-27,11_Q7_Hon hop,Messages,2205,2645,1.199546,151947,0.491493,763.552764,57446.88091,68910.20408,0,0,0,0,13,3
2025-04-27,07_HEAD_Hoa cat canh,Engagement,165,179,1.084848,11543,0,961.916667,64486.03352,69957.57576,0,0,0,0,0,0
2025-04-27,11_Q2_Hon hop,Messages,1651,1785,1.081163,106749,2.464986,567.81383,59803.36135,64657.17747,0,0,0,2,44,8
2025-04-27,01_HEAD_Embrace of Tana,Messages,64,65,1.015625,4000,0,0,61538.46154,62500,0,0,0,0,0,0
2025-04-27,10_HEAD_Lan Ho diep,Messages,306,336,1.098039,23966,0.595238,1042,71327.38095,78320.26144,0,0,0,2,2,1
2025-04-27,10_HEAD_Lan Ho diep,Messages,309,311,1.006472,13592,0,679.6,43704.18006,43987.05502,0,0,0,0,0,0
2025-04-27,01_HEAD_Embrace of Tana,Messages,238,260,1.092437,12791,0.384615,913.642857,49196.15385,53743.69748,0,0,0,0,1,0
2025-04-27,10_HEAD_Lan Ho diep,Messages,867,1063,1.226067,82381,0.84666,592.669065,77498.5889,95018.45444,0,0,0,0,9,5
2025-04-27,07_Q7_Hoa cat canh,Engagement,758,1049,1.383905,89923,0.571973,737.07377,85722.59295,118631.9261,0,0,0,0,6,1
2025-04-27,07_HEAD_Hoa cat canh,Engagement,488,673,1.379098,69569,0.89153,1008.246377,103371.471,142559.4262,0,0,0,1,6,1
2025-04-27,07_HEAD_Hoa cat canh,Engagement,214,240,1.121495,13056,0,1305.6,54400,61009.34579,0,0,0,0,0,0
2025-04-27,07_HEAD_Hoa cat canh,Engagement,301,326,1.083056,16065,1.533742,642.6,49279.1411,53372.09302,0,0,0,0,5,0
2025-04-27,07_Q2_Hoa cat canh,Engagement,1092,1506,1.379121,120837,0.664011,764.791139,80237.05179,110656.5934,0,0,0,0,10,2
2025-04-27,01_HEAD_Embrace of Tana,Messages,871,938,1.076923,41772,1.279318,632.909091,44533.04904,47958.6682,0,0,0,1,12,3
2025-04-27,07_HEAD_Hoa cat canh,Engagement,1023,1617,1.580645,128206,0.618429,909.262411,79286.33272,125323.5582,0,0,0,0,10,3
2025-04-27,05_HEAD_Thiet ke,Messages,516,589,1.141473,58059,1.188455,936.435484,98572.1562,112517.4419,0,0,0,1,7,3
2025-04-27,10_HEAD_Lan Ho diep,Messages,756,1000,1.322751,80866,1.6,581.769784,80866,106965.6085,0,0,0,0,16,4
2025-04-27,BR_Mokar_Tuong tac,Engagement,1763,1840,1.043676,25155,0.706522,126.407035,13671.19565,14268.29268,0,0,0,1,13,2
2025-04-27,01_HEAD_Embrace of Tana,Messages,2047,2413,1.178798,78343,0.414422,529.344595,32467.05346,38272.10552,0,0,0,2,10,7
2025-04-27,10_HEAD_Lan Ho diep,Messages,3470,3813,1.098847,123396,0.86546,414.080537,32361.91975,35560.80692,0,0,0,5,33,19
2025-04-27,11_Q7_Hon hop,Messages,0,0,0,0,0,0,0,0,0,0,0,0,0,1
2025-04-27,01_HEAD_Embrace of Tana,Messages,13,14,1.076923,357,0,357,25500,27461.53846,0,0,0,0,0,1
2025-04-27,BR_HTM_Tuong tac,Engagement,857,912,1.064177,29207,0.548246,394.689189,32025.2193,34080.51342,0,0,0,0,5,0
2025-04-27,13_Campaigns Trung thu 2022,Engagement,1095,1445,1.319635,96765,0.207612,2250.348837,66965.39792,88369.86301,0,0,0,0,3,0
2025-04-27,BR_HTM_Tuong tac,Engagement,830,1039,1.251807,29944,3.561116,124.248963,28820.01925,36077.10843,0,0,0,1,37,0
2025-04-27,13_HEAD_Campaign_08.03,Messages,1753,2128,1.213919,127046,0.093985,1896.208955,59702.06767,72473.47405,0,0,0,0,2,0
2025-04-27,08_HEAD_Daily Flower,Messages,157,195,1.242038,22197,0,1707.461538,113830.7692,141382.1656,0,0,0,0,0,0
2025-04-27,10_HEAD_Lan Ho diep,Messages,308,340,1.103896,31030,1.764706,689.555556,91264.70588,100746.7532,0,0,0,0,6,2
2025-04-27,08_HEAD_Daily Flower,Messages,739,810,1.096076,49433,1.234568,633.75641,61028.39506,66891.7456,0,0,0,0,10,1
2025-04-27,11_Q7_Hon hop,Messages,2502,2622,1.047962,106755,1.449275,480.878378,40715.10298,42667.86571,0,0,0,1,38,6
2025-04-27,10_HEAD_Lan Ho diep,Messages,450,493,1.095556,28264,0.608519,831.294118,57330.6288,62808.88889,0,0,0,0,3,1
2025-04-27,11_Q2_Hon hop,Messages,717,797,1.111576,52726,0.125471,823.84375,66155.58344,73536.95955,0,0,0,0,1,1
2025-04-26,BR_HTM_Tuong tac,Engagement,993,1074,1.081571,31275,0.558659,336.290323,29120.11173,31495.46828,0,0,0,0,6,1
2025-04-26,04_HEAD_Breezy,Messages,359,371,1.033426,11920,0.269542,496.666667,32129.38005,33203.34262,0,0,0,0,1,0
2025-04-26,10_HEAD_Lan Ho diep,Messages,189,204,1.079365,16195,0.490196,647.8,79387.2549,85687.83069,0,0,0,0,1,0
2025-04-26,07_HEAD_Hoa cat canh,Engagement,396,584,1.474747,71902,0.856164,1123.46875,123119.863,181570.7071,0,0,0,0,5,0
2025-04-26,11_Q7_Hon hop,Messages,2288,2633,1.150787,116892,0.379795,625.090909,44394.98671,51089.16084,0,0,0,0,10,7
2025-04-26,13_HEAD_Campaign_08.03,Messages,201,221,1.099502,15233,0,5077.666667,68927.60181,75786.06965,0,0,0,0,0,0
2025-04-26,07_HEAD_Hoa cat canh,Engagement,364,434,1.192308,34070,0.691244,1135.666667,78502.30415,93598.9011,0,0,0,0,3,1
2025-04-26,01_HEAD_Embrace of Tana,Messages,442,530,1.199095,37391,0.943396,1099.735294,70549.0566,84595.02262,0,0,0,0,5,2
2025-04-26,04_HEAD_Breezy,Messages,960,1087,1.132292,63067,1.01196,769.109756,58019.31923,65694.79167,0,0,0,0,11,8
2025-04-26,10_HEAD_Lan Ho diep,Messages,1192,1471,1.23406,101577,1.699524,573.881356,69053.02515,85215.60403,0,0,0,1,25,11
2025-04-26,01_HEAD_Embrace of Tana,Messages,1642,1970,1.199756,92667,0.558376,778.714286,47039.08629,56435.44458,0,0,0,0,11,8
2025-04-26,04_HEAD_Breezy,Messages,302,303,1.003311,11615,0.660066,1055.909091,38333.33333,38460.2649,0,0,0,0,2,0
2025-04-26,10_HEAD_Lan Ho diep,Messages,899,1069,1.189099,75962,0.935454,638.336134,71058.93358,84496.10679,0,0,0,0,10,5
2025-04-26,07_HEAD_Hoa cat canh,Engagement,358,510,1.424581,46896,0.588235,768.786885,91952.94118,130994.4134,0,0,0,0,3,0
2025-04-26,11_Q2_Hon hop,Messages,1900,2039,1.073158,82078,1.912702,379.990741,40254.0461,43198.94737,0,0,0,4,39,6
2025-04-26,07_HEAD_Hoa cat canh,Engagement,342,399,1.166667,26654,2.255639,592.311111,66802.00501,77935.67252,0,0,0,0,9,0
2025-04-26,07_Q2_Hoa cat canh,Engagement,1349,1808,1.340252,139046,0.884956,853.042945,76905.97345,103073.3877,0,0,0,0,16,2
2025-04-26,10_HEAD_Lan Ho diep,Messages,65,67,1.030769,2470,0,617.5,36865.67164,38000,0,0,0,0,0,0
2025-04-26,04_HEAD_Breezy,Messages,202,213,1.054455,10458,1.408451,615.176471,49098.59155,51772.27723,0,0,0,0,3,0
2025-04-26,07_Q7_Hoa cat canh,Engagement,862,1095,1.270302,112615,0.639269,1160.979381,102844.7489,130643.8515,0,0,0,0,7,1
2025-04-26,04_HEAD_Breezy,Messages,79,81,1.025316,3037,0,607.4,37493.82716,38443.03798,0,0,0,0,0,0
2025-04-26,07_HEAD_Hoa cat canh,Engagement,514,634,1.233463,55705,0.788644,1295.465116,87862.77603,108375.4864,0,0,0,0,5,0
2025-04-26,05_HEAD_Thiet ke,Messages,544,593,1.090074,57143,0.674536,1002.508772,96362.56324,105042.2794,0,0,0,0,4,3
2025-04-26,07_HEAD_Hoa cat canh,Engagement,0,0,0,0,0,0,0,0,0,0,0,0,0,1
2025-04-26,01_HEAD_Embrace of Tana,Messages,2266,2597,1.146072,80418,0.38506,613.877863,30965.72969,35488.96734,0,0,0,3,10,7
2025-04-26,07_HEAD_Hoa cat canh,Engagement,1390,1802,1.296403,105915,0.277469,882.625,58776.3596,76197.84173,0,0,0,0,5,2
2025-04-26,11_Q7_Hon hop,Messages,15,18,1.2,2089,0,1044.5,116055.5556,139266.6667,0,0,0,0,0,0
2025-04-26,BR_Mokar_Tuong tac,Engagement,1560,1698,1.088462,25679,1.177856,108.809322,15123.08598,16460.89744,0,0,0,0,20,2
2025-04-26,BR_HTM_Tuong tac,Engagement,977,1009,1.032753,29483,0.49554,421.185714,29220.01982,30177.07267,0,0,0,0,5,0
2025-04-26,10_HEAD_Lan Ho diep,Messages,3968,4710,1.186996,171552,1.125265,386.378378,36422.92994,43233.87097,0,0,0,2,53,19
2025-04-26,BR_HTM_Tuong tac,Engagement,850,1098,1.291765,30606,2.459016,128.596639,27874.31694,36007.05882,0,0,0,0,27,1
2025-04-26,13_Campaigns Trung thu 2022,Engagement,1227,1534,1.250204,107919,0.130378,2296.148936,70351.36897,87953.54523,0,0,0,0,2,4
2025-04-26,08_HEAD_Daily Flower,Messages,175,225,1.285714,27307,0.888889,1517.055556,121364.4444,156040,0,0,0,0,2,1
2025-04-26,13_HEAD_Campaign_08.03,Messages,1671,2021,1.209455,100558,0.04948,1416.309859,49756.55616,60178.33633,0,0,0,0,1,3
2025-04-26,08_HEAD_Daily Flower,Messages,885,959,1.083616,33937,0.938478,435.089744,35387.90407,38346.89266,0,0,0,0,9,3
2025-04-26,10_HEAD_Lan Ho diep,Messages,204,208,1.019608,11328,0,514.909091,54461.53846,55529.41177,0,0,0,0,0,0
2025-04-26,11_Q7_Hon hop,Messages,1601,1689,1.054966,46993,1.006513,367.132813,27822.97217,29352.27983,0,0,0,2,17,2
2025-04-26,10_HEAD_Lan Ho diep,Messages,716,768,1.072626,39639,0.911458,550.541667,51613.28125,55361.73184,0,0,0,0,7,1
2025-04-25,11_Q2_Hon hop,Messages,2050,2392,1.166829,147608,0.501672,780.994709,61709.0301,72003.90244,0,0,0,3,12,7
2025-04-25,BR_HTM_Tuong tac,Engagement,921,995,1.080347,30640,0,403.157895,30793.96985,33268.18675,0,0,0,0,0,0
2025-04-25,04_HEAD_Breezy,Messages,997,1035,1.038114,35707,0.869565,435.45122,34499.51691,35814.44333,0,0,0,2,9,4
2025-04-25,05_HEAD_Thiet ke,Messages,142,145,1.021127,13768,0,1721,94951.72414,96957.74648,0,0,0,0,0,0
2025-04-25,07_HEAD_Hoa cat canh,Engagement,743,956,1.286676,80627,1.046025,719.883929,84337.86611,108515.4778,0,0,0,0,10,5
2025-04-25,04_HEAD_Breezy,Messages,224,225,1.004464,7640,0,545.714286,33955.55556,34107.14286,0,0,0,0,0,0
2025-04-25,13_HEAD_Campaign_08.03,Messages,168,180,1.071429,11455,0,2291,63638.88889,68184.52381,0,0,0,0,0,1
2025-04-25,07_HEAD_Hoa cat canh,Engagement,252,305,1.210317,29238,0.655738,886,95862.29508,116023.8095,0,0,0,0,2,1
2025-04-25,05_HEAD_Thiet ke,Messages,132,137,1.037879,18783,0.729927,1043.5,137102.1898,142295.4545,0,0,0,1,1,2
2025-04-25,01_HEAD_Embrace of Tana,Messages,156,163,1.044872,7728,1.840491,515.2,47411.04295,49538.46154,0,0,0,0,3,0
2025-04-25,08_HEAD_Daily Flower,Messages,141,166,1.177305,21942,0,1567.285714,132180.7229,155617.0213,0,0,0,0,0,0
2025-04-25,11_Q7_Hon hop,Messages,104,108,1.038462,5905,0.925926,421.785714,54675.92593,56778.84615,0,0,0,0,1,0
2025-04-25,10_HEAD_Lan Ho diep,Messages,0,0,0,0,0,0,0,0,0,0,0,0,0,1
2025-04-25,10_HEAD_Lan Ho diep,Messages,326,409,1.254601,26650,1.222494,484.545455,65158.92421,81748.46626,0,0,0,0,5,5
2025-04-25,01_HEAD_Embrace of Tana,Messages,303,354,1.168317,29928,0.564972,1068.857143,84542.37288,98772.27723,0,0,0,1,2,3
2025-04-25,10_HEAD_Lan Ho diep,Messages,110,115,1.045455,8440,0.869565,2110,73391.30435,76727.27273,0,0,0,0,1,0
2025-04-25,01_HEAD_Embrace of Tana,Messages,1133,1321,1.165931,78680,0.529902,811.134021,59560.93868,69443.9541,0,0,0,3,7,3
2025-04-25,04_HEAD_Breezy,Messages,448,470,1.049107,33406,0,954.457143,71076.59575,74566.96429,0,0,0,0,0,1
2025-04-25,04_HEAD_Breezy,Messages,1484,1594,1.074124,36641,0.439147,336.155963,22986.8256,24690.70081,0,0,0,0,7,2
2025-04-25,04_HEAD_Breezy,Messages,0,0,0,0,0,0,0,0,0,0,0,0,0,0
2025-04-25,05_HEAD_Thiet ke,Messages,159,168,1.056604,10959,0,1095.9,65232.14286,68924.5283,0,0,0,0,0,0
2025-04-25,01_HEAD_Embrace of Tana,Messages,44,44,1,1405,0,468.333333,31931.81818,31931.81818,0,0,0,0,0,0
2025-04-25,07_HEAD_Hoa cat canh,Engagement,363,418,1.151515,37096,1.196172,883.238095,88746.41148,102192.8375,0,0,0,0,5,0
2025-04-25,11_Q2_Hon hop,Messages,1692,1808,1.068558,108431,1.935841,570.689474,59972.89823,64084.51537,0,0,0,1,35,11
2025-04-25,07_Q2_Hoa cat canh,Engagement,822,1071,1.30292,113278,1.213819,839.096296,105768.4407,137807.7859,0,0,0,0,13,1
2025-04-25,10_HEAD_Lan Ho diep,Messages,74,77,1.040541,2909,0,581.8,37779.22078,39310.81081,0,0,0,0,0,1
2025-04-25,04_HEAD_Breezy,Messages,415,437,1.053012,19241,0.228833,740.038462,44029.74828,46363.85542,0,0,0,0,1,1
2025-04-25,04_HEAD_Breezy,Messages,184,185,1.005435,8340,0,695,45081.08108,45326.08696,0,0,0,0,0,0
2025-04-25,04_HEAD_Breezy,Messages,294,335,1.139456,16587,0,829.35,49513.43284,56418.36735,0,0,0,0,0,1
2025-04-25,07_Q7_Hoa cat canh,Engagement,857,1080,1.26021,95922,1.018519,812.898305,88816.66667,111927.6546,0,0,0,1,11,3
2025-04-25,05_HEAD_Thiet ke,Messages,260,271,1.042308,24370,1.476015,696.285714,89926.19926,93730.76923,0,0,0,0,4,2
2025-04-25,07_Q2_Hoa cat canh,Engagement,41,46,1.121951,4378,2.173913,729.666667,95173.91304,106780.4878,0,0,0,0,1,1
2025-04-25,04_HEAD_Breezy,Messages,55,56,1.018182,1524,1.785714,508,27214.28571,27709.09091,0,0,0,0,1,0
2025-04-25,05_HEAD_Thiet ke,Messages,409,431,1.05379,39699,0.232019,1323.3,92109.04872,97063.56968,0,0,0,1,1,1
2025-04-25,04_HEAD_Breezy,Messages,473,520,1.099366,23568,0.384615,604.307692,45323.07692,49826.63848,0,0,0,0,2,0
2025-04-25,07_HEAD_Hoa cat canh,Engagement,204,241,1.181373,28382,1.244813,1351.52381,117767.6349,139127.451,0,0,0,0,3,0
2025-04-25,01_HEAD_Embrace of Tana,Messages,1056,1222,1.157197,48730,0.327332,738.333333,39877.25041,46145.83333,0,0,0,0,4,3
2025-04-25,07_HEAD_Hoa cat canh,Engagement,0,0,0,0,0,0,0,0,0,0,0,0,0,3
2025-04-25,11_Q7_Hon hop,Messages,949,999,1.052687,33958,1.301301,357.452632,33991.99199,35782.9294,0,0,0,2,13,1
2025-04-25,07_HEAD_Hoa cat canh,Engagement,1772,2483,1.401242,155049,0.805477,662.602564,62444.2207,87499.43567,0,0,0,0,20,4
2025-04-25,11_Q7_Hon hop,Messages,42,47,1.119048,4076,0,4076,86723.40426,97047.61905,0,0,0,0,0,0
2025-04-25,08_HEAD_Daily Flower,Messages,14,14,1,1767,0,0,126214.2857,126214.2857,0,0,0,0,0,0
2025-04-25,07_Q2_Hoa cat canh,Engagement,47,50,1.06383,4119,0,4119,82380,87638.29787,0,0,0,0,0,0
2025-04-25,BR_Mokar_Tuong tac,Engagement,1411,1533,1.086464,25968,1.304631,130.492462,16939.33464,18403.96882,0,0,0,0,20,2
2025-04-25,BR_HTM_Tuong tac,Engagement,849,1099,1.294464,31414,3.00273,120.360153,28584.16743,37001.17786,0,0,0,0,33,0
2025-04-25,10_HEAD_Lan Ho diep,Messages,1707,2127,1.246046,120426,1.12835,537.616071,56617.77151,70548.3304,0,0,0,0,24,7
2025-04-25,08_HEAD_Daily Flower,Messages,135,187,1.385185,27359,0.534759,1367.95,146304.8128,202659.2593,0,0,0,0,1,0
2025-04-25,05_HEAD_Thiet ke,Messages,454,499,1.099119,26084,0.200401,567.043478,52272.54509,57453.74449,0,0,0,0,1,0
2025-04-25,08_HEAD_Daily Flower,Messages,562,612,1.088968,25810,0.653595,561.086957,42173.20261,45925.2669,0,0,0,0,4,2
2025-04-25,13_Campaigns Trung thu 2022,Engagement,920,1132,1.230435,105477,0.795053,2068.176471,93177.56184,114648.913,0,0,0,0,9,2
2025-04-25,11_Q7_Hon hop,Messages,1293,1348,1.042537,57129,1.409496,464.463415,42380.5638,44183.29466,0,0,0,0,19,0
2025-04-25,13_Campaigns Trung thu 2022,Engagement,424,471,1.110849,31265,0.424628,1839.117647,66380.04246,73738.20755,0,0,0,0,2,2
2025-04-25,10_HEAD_Lan Ho diep,Messages,573,635,1.108202,47280,0.944882,801.355932,74456.69291,82513.08901,0,0,0,0,6,4
2025-04-25,13_HEAD_Campaign_08.03,Messages,1292,1554,1.202786,74102,0.06435,1482.04,47684.68469,57354.48916,0,0,0,0,1,4
2025-04-25,11_Q2_Hon hop,Messages,1097,1257,1.145852,97930,0.71599,759.147287,77907.71679,89270.73838,0,0,0,2,9,5
2025-04-25,10_HEAD_Lan Ho diep,Messages,562,618,1.099644,40829,0.970874,648.079365,66066.34304,72649.46619,0,0,0,1,6,1
2025-04-24,BR_HTM_Tuong tac,Engagement,896,975,1.08817,30544,0.820513,339.377778,31327.17949,34089.28571,0,0,0,0,8,0
2025-04-24,04_HEAD_Breezy,Messages,1059,1119,1.056657,26060,1.251117,232.678571,23288.65058,24608.12087,0,0,0,1,14,3
2025-04-24,BR_HTM_Tiep can,Reach,3634,3670,1.009906,14638,0.027248,2927.6,3988.555858,4028.068244,0,0,0,0,1,0
2025-04-24,07_HEAD_Hoa cat canh,Engagement,527,672,1.275142,62128,1.190476,549.80531,92452.38095,117889.9431,0,0,0,0,8,0
2025-04-24,05_HEAD_Thiet ke,Messages,531,594,1.118644,22328,0.505051,587.578947,37589.22559,42048.96422,0,0,0,0,3,4
2025-04-24,10_HEAD_Lan Ho diep,Messages,55,60,1.090909,6759,1.666667,751,112650,122890.9091,0,0,0,0,1,0
2025-04-24,08_HEAD_Daily Flower,Messages,91,214,2.351648,54330,0,7761.428571,253878.5047,597032.967,0,0,0,0,0,0
2025-04-24,04_HEAD_Breezy,Messages,411,444,1.080292,14689,1.801802,408.027778,33083.33333,35739.65937,0,0,0,0,8,0
2025-04-24,11_Q2_Hon hop,Messages,1067,1219,1.142455,65425,0.164069,948.188406,53671.04184,61316.77601,0,0,0,1,2,2
2025-04-24,10_HEAD_Lan Ho diep,Messages,392,445,1.135204,39793,1.123596,795.86,89422.47191,101512.7551,0,0,0,1,5,0
2025-04-24,01_HEAD_Embrace of Tana,Messages,1953,2254,1.154122,75287,0.443656,561.843284,33401.50843,38549.41116,0,0,0,2,10,3
2025-04-24,13_HEAD_Campaign_08.03,Messages,232,269,1.159483,21530,0,2153,80037.17472,92801.72414,0,0,0,0,0,0
2025-04-24,BR_HTM_Tiep can,Reach,3463,3513,1.014438,12786,0.028466,1826.571429,3639.624253,3692.174415,0,0,0,0,1,1
2025-04-24,11_Q7_Hon hop,Messages,864,928,1.074074,61576,0.646552,843.506849,66353.44828,71268.51852,0,0,0,1,6,2
2025-04-24,10_HEAD_Lan Ho diep,Messages,152,170,1.118421,14751,2.941176,508.655172,86770.58824,97046.05263,0,0,0,0,5,1
2025-04-24,07_HEAD_Hoa cat canh,Engagement,366,435,1.188525,35354,0,1039.823529,81273.56322,96595.62842,0,0,0,0,0,1
2025-04-24,10_HEAD_Lan Ho diep,Messages,433,485,1.120092,40890,1.030928,1076.052632,84309.27835,94434.18014,0,0,0,1,5,3
2025-04-24,BR_HTM_Tuong tac,Engagement,23,23,1,335,0,0,14565.21739,14565.21739,0,0,0,0,0,0
2025-04-24,04_HEAD_Breezy,Messages,1200,1412,1.176667,31494,0.141643,656.125,22304.53258,26245,0,0,0,1,2,1
2025-04-24,07_Q2_Hoa cat canh,Engagement,402,465,1.156716,44360,0.860215,1167.368421,95397.84946,110348.2587,0,0,0,0,4,0
2025-04-24,11_Q2_Hon hop,Messages,727,756,1.03989,50302,2.513228,412.311475,66537.03704,69191.1967,0,0,0,2,19,6
2025-04-24,BR_HTM_Tuong tac,Engagement,802,1007,1.255611,30859,3.47567,122.456349,30644.48858,38477.55611,0,0,0,0,35,0
2025-04-24,10_HEAD_Lan Ho diep,Messages,201,258,1.283582,19191,2.325581,685.392857,74383.72093,95477.61194,0,0,0,0,6,1
2025-04-24,08_HEAD_Daily Flower,Messages,1104,1250,1.132246,58999,1.12,655.544444,47199.2,53441.12319,0,0,0,0,14,2
2025-04-24,07_Q7_Hoa cat canh,Engagement,499,610,1.222445,51233,0.655738,1164.386364,83988.52459,102671.3427,0,0,0,0,4,1
2025-04-24,11_Q7_Hon hop,Messages,3720,3960,1.064516,154430,1.616162,404.267016,38997.47475,41513.44086,0,0,0,4,64,14
2025-04-24,07_Q2_Hoa cat canh,Engagement,124,166,1.33871,10166,0,726.142857,61240.96386,81983.87097,0,0,0,0,0,0
2025-04-24,11_Q2_Hon hop,Messages,769,857,1.114434,52645,0.933489,683.701299,61429.4049,68459.03771,0,0,0,2,8,3
2025-04-24,BR_HTM_Tuong tac,Engagement,21,21,1,334,0,0,15904.76191,15904.76191,0,0,0,0,0,0
2025-04-24,07_HEAD_Hoa cat canh,Engagement,0,0,0,0,0,0,0,0,0,0,0,0,0,1
2025-04-24,07_HEAD_Hoa cat canh,Engagement,293,349,1.191126,27931,0.286533,1396.55,80031.51863,95327.64505,0,0,0,0,1,0
2025-04-24,07_HEAD_Hoa cat canh,Engagement,612,786,1.284314,59664,0.636132,489.04918,75908.39695,97490.19608,0,0,0,0,5,2
2025-04-24,BR_Mokar_Tuong tac,Engagement,1575,1682,1.067937,26015,0.891795,130.728643,15466.7063,16517.46032,0,0,0,1,15,1
2025-04-24,05_HEAD_Thiet ke,Messages,1180,1393,1.180508,61478,0.430725,521,44133.52477,52100,0,0,0,0,6,3
2025-04-24,13_Campaigns Trung thu 2022,Engagement,584,721,1.234589,45260,0,1810.4,62773.9251,77500,0,0,0,0,0,0
2025-04-24,13_Campaigns Trung thu 2022,Engagement,1638,2036,1.242979,103389,0.098232,1054.989796,50780.45187,63119.04762,0,0,0,0,2,1
2025-04-24,13_HEAD_Campaign_08.03,Messages,1579,1976,1.251425,85942,0,1652.730769,43492.91498,54428.11906,0,0,0,0,0,2
2025-04-24,10_HEAD_Lan Ho diep,Messages,1159,1426,1.230371,95426,0.701262,815.606838,66918.65358,82334.77136,0,0,0,2,10,6
2025-04-23,10_HEAD_Lan Ho diep,Messages,77,79,1.025974,6940,2.531646,495.714286,87848.10127,90129.87013,0,0,0,0,2,1
2025-04-23,05_HEAD_Thiet ke,Messages,650,739,1.136923,25900,0.135318,551.06383,35047.3613,39846.15385,0,0,0,0,1,0
2025-04-23,BR_HTM_Tiep can,Reach,2997,3016,1.00634,12287,0.099469,2047.833333,4073.938992,4099.766433,0,0,0,0,3,0
2025-04-23,07_HEAD_Hoa cat canh,Engagement,0,0,0,0,0,0,0,0,0,0,0,0,0,1
2025-04-23,10_HEAD_Lan Ho diep,Messages,311,327,1.051447,18993,0.30581,1117.235294,58082.56881,61070.73955,0,0,0,1,1,0
2025-04-23,01_HEAD_Embrace of Tana,Messages,1830,2093,1.143716,71736,0.716675,618.413793,34274.24749,39200,0,0,0,2,15,10
2025-04-23,11_Q2_Hon hop,Messages,1196,1308,1.093645,65255,0.458716,741.534091,49889.14373,54561.03679,0,0,0,0,6,4
2025-04-23,11_Q7_Hon hop,Messages,23,25,1.086957,6299,0,2099.666667,251960,273869.5652,0,0,0,0,0,0
2025-04-23,13_HEAD_Campaign_08.03,Messages,304,316,1.039474,19220,0,1747.272727,60822.78481,63223.68421,0,0,0,0,0,0
2025-04-23,07_HEAD_Hoa cat canh,Engagement,886,1222,1.379233,105235,0.327332,1062.979798,86117.02128,118775.395,0,0,0,0,4,1
2025-04-23,10_HEAD_Lan Ho diep,Messages,842,943,1.119952,81736,1.696713,698.598291,86676.56416,97073.6342,0,0,0,0,16,9
2025-04-23,BR_HTM_Tuong tac,Engagement,743,796,1.071332,20956,0.502513,317.515152,26326.63317,28204.57604,0,0,0,0,4,0
2025-04-23,10_HEAD_Lan Ho diep,Messages,1260,1471,1.16746,116248,1.087695,836.316547,79026.51258,92260.31746,0,0,0,1,16,7
2025-04-23,07_Q2_Hoa cat canh,Engagement,776,916,1.180412,75014,0.982533,824.32967,81893.0131,96667.52577,0,0,0,0,9,1
2025-04-23,04_HEAD_Breezy,Messages,731,780,1.067031,29877,0.512821,609.734694,38303.84615,40871.40903,0,0,0,2,4,1
2025-04-23,BR_HTM_Tuong tac,Engagement,864,1000,1.157407,28641,2.1,142.492537,28641,33149.30556,0,0,0,0,21,0
2025-04-23,04_HEAD_Breezy,Messages,991,1081,1.090817,33005,0.277521,750.113636,30531.91489,33304.74268,0,0,0,0,3,1
2025-04-23,08_HEAD_Daily Flower,Messages,1257,1419,1.128878,55259,1.198027,484.72807,38942.21283,43961.0183,0,0,0,0,17,7
2025-04-23,10_HEAD_Lan Ho diep,Messages,648,707,1.091049,45149,0.565771,940.604167,63859.97171,69674.38272,0,0,0,0,4,5
2025-04-23,11_Q7_Hon hop,Messages,11716,12508,1.0676,305519,1.487048,277.744545,24425.88743,26077.07409,0,0,0,18,186,34
2025-04-23,07_Q7_Hoa cat canh,Engagement,845,1033,1.222485,88665,0.290416,1081.280488,85832.52662,104928.9941,0,0,0,0,3,1
2025-04-23,11_Q2_Hon hop,Messages,822,895,1.088808,59267,0.670391,697.258824,66220.11173,72100.97324,0,0,0,1,6,3
2025-04-23,07_Q2_Hoa cat canh,Engagement,154,214,1.38961,21849,0.46729,1285.235294,102098.1308,141876.6234,0,0,0,0,1,1
2025-04-23,07_HEAD_Hoa cat canh,Engagement,711,755,1.061885,37416,0.397351,656.421053,49557.61589,52624.47257,0,0,0,1,3,0
2025-04-23,BR_HTM_Tuong tac,Engagement,476,507,1.065126,8405,0.394477,311.296296,16577.90927,17657.56303,0,0,0,0,2,0
2025-04-23,07_HEAD_Hoa cat canh,Engagement,106,127,1.198113,14687,0,1049.071429,115645.6693,138556.6038,0,0,0,0,0,0
2025-04-23,10_HEAD_Lan Ho diep,Messages,17,18,1.058824,1252,0,1252,69555.55556,73647.05882,0,0,0,0,0,0
2025-04-23,07_HEAD_Hoa cat canh,Engagement,1007,1292,1.283019,91220,0.541796,807.256637,70603.71517,90585.89871,0,0,0,0,7,1
2025-04-23,07_HEAD_Hoa cat canh,Engagement,0,0,0,0,0,0,0,0,0,0,0,0,0,2
2025-04-23,BR_Mokar_Tuong tac,Engagement,846,925,1.093381,23872,1.081081,213.142857,25807.56757,28217.49409,0,0,0,0,10,0
2025-04-23,05_HEAD_Thiet ke,Messages,1408,1591,1.129972,56900,0.817096,494.782609,35763.67065,40411.93182,0,0,0,2,13,3
2025-04-23,10_HEAD_Lan Ho diep,Messages,332,342,1.03012,36564,0,1462.56,106912.2807,110132.5301,0,0,0,0,0,0
2025-04-23,07_Q2_Hoa cat canh,Engagement,0,0,0,0,0,0,0,0,0,0,0,0,0,1
2025-04-23,10_HEAD_Lan Ho diep,Messages,324,368,1.135802,31559,0.543478,1127.107143,85758.15217,97404.32099,0,0,0,0,2,0
2025-04-23,07_HEAD_Hoa cat canh,Engagement,1180,1265,1.072034,66136,0.237154,668.040404,52281.42293,56047.45763,0,0,0,1,3,1
2025-04-23,13_Campaigns Trung thu 2022,Engagement,786,974,1.239186,51321,0.308008,1221.928571,52690.96509,65293.89313,0,0,0,0,3,1
2025-04-23,13_Campaigns Trung thu 2022,Engagement,1632,2006,1.229167,98176,0.149551,1422.84058,48941.17647,60156.86275,0,0,0,0,3,0
2025-04-23,13_HEAD_Campaign_08.03,Messages,474,515,1.086498,21265,0,966.590909,41291.26214,44862.8692,0,0,0,0,0,0
2025-04-23,10_HEAD_Lan Ho diep,Messages,182,190,1.043956,15269,1.052632,898.176471,80363.1579,83895.6044,0,0,0,0,2,0
2025-04-22,05_HEAD_Thiet ke,Messages,201,203,1.00995,19345,0.492611,1758.636364,95295.5665,96243.7811,0,0,0,0,1,0
2025-04-22,01_HEAD_Embrace of Tana,Messages,75,76,1.013333,5212,0,2606,68578.94737,69493.33333,0,0,0,0,0,0
2025-04-22,01_HEAD_Embrace of Tana,Messages,378,403,1.066138,25693,1.488834,1117.086957,63754.34243,67970.89947,0,0,0,0,6,1
2025-04-22,11_Q7_Hon hop,Messages,363,394,1.085399,45193,0.253807,1255.361111,114703.0457,124498.6226,0,0,0,1,1,2
2025-04-22,05_HEAD_Thiet ke,Messages,3,3,1,932,0,0,310666.6667,310666.6667,0,0,0,0,0,0
2025-04-22,10_HEAD_Lan Ho diep,Messages,256,310,1.210938,28752,0.645161,1797,92748.3871,112312.5,0,0,0,0,2,1
2025-04-22,05_HEAD_Thiet ke,Messages,0,0,0,0,0,0,0,0,0,0,0,0,0,1
2025-04-22,11_Q2_Hon hop,Messages,302,308,1.019868,17219,0.324675,860.95,55905.84416,57016.55629,0,0,0,0,1,0
2025-04-22,05_HEAD_Thiet ke,Messages,458,510,1.113537,24937,0,733.441176,48896.07843,54447.59825,0,0,0,0,0,1
2025-04-22,04_HEAD_Breezy,Messages,1493,1681,1.125921,86016,0.773349,693.677419,51169.54194,57612.86001,0,0,0,1,13,8
2025-04-22,07_HEAD_Hoa cat canh,Engagement,404,427,1.056931,34233,0.936768,684.66,80170.96019,84735.14852,0,0,0,1,4,1
2025-04-22,05_HEAD_Thiet ke,Messages,55,57,1.036364,3287,0,1643.5,57666.66667,59763.63636,0,0,0,0,0,0
2025-04-22,07_HEAD_Hoa cat canh,Engagement,226,238,1.053097,14110,2.10084,503.928571,59285.71429,62433.62832,0,0,0,0,5,1
2025-04-22,01_HEAD_Embrace of Tana,Messages,99,99,1,7864,0,1572.8,79434.34343,79434.34343,0,0,0,0,0,0
2025-04-22,05_HEAD_Thiet ke,Messages,179,179,1,11830,0,985.833333,66089.38548,66089.38548,0,0,0,1,0,0
2025-04-22,07_Q7_Hoa cat canh,Engagement,776,956,1.231959,89072,0.209205,1535.724138,93171.54812,114783.5052,0,0,0,0,2,0
2025-04-22,01_HEAD_Embrace of Tana,Messages,1168,1368,1.171233,61626,0.365497,810.868421,45048.24561,52761.9863,0,0,0,1,5,5
2025-04-22,07_Q2_Hoa cat canh,Engagement,168,224,1.333333,23465,0.892857,977.708333,104754.4643,139672.619,0,0,0,0,2,1
2025-04-22,11_Q7_Hon hop,Messages,83,109,1.313253,12519,0.917431,963,114853.211,150831.3253,0,0,0,0,1,1
2025-04-22,BR_HTM_Tuong tac,Engagement,268,280,1.044776,3720,0.357143,248,13285.71429,13880.59702,0,0,0,0,1,0
2025-04-22,07_HEAD_Hoa cat canh,Engagement,639,1023,1.600939,110991,0.58651,1305.776471,108495.6012,173694.8357,0,0,0,0,6,0
2025-04-22,07_HEAD_Hoa cat canh,Engagement,733,1043,1.42292,81531,0.479386,876.677419,78169.70278,111229.1951,0,0,0,0,5,8
2025-04-22,BR_HTM_Tuong tac,Engagement,863,917,1.062572,25656,0.763359,324.759494,27978.18975,29728.85284,0,0,0,0,7,0
2025-04-22,07_HEAD_Hoa cat canh,Engagement,197,213,1.081218,13882,0,578.416667,65173.70892,70467.00508,0,0,0,0,0,1
2025-04-22,07_Q2_Hoa cat canh,Engagement,698,808,1.157593,72902,1.732673,828.431818,90225.24753,104444.1261,0,0,0,0,14,5
2025-04-22,08_HEAD_Daily Flower,Messages,0,0,0,0,0,0,0,0,0,0,0,0,0,1
2025-04-22,BR_HTM_Tuong tac,Engagement,819,1066,1.301587,29460,1.969981,140.956938,27636.02251,35970.69597,0,0,0,0,21,0
2025-04-22,BR_Mokar_Tuong tac,Engagement,1116,1202,1.077061,24813,0.748752,231.897196,20643.09484,22233.87097,0,0,0,0,9,0
2025-04-22,08_HEAD_Daily Flower,Messages,788,906,1.149746,49109,0.883002,779.507937,54204.19426,62321.06599,0,0,0,0,8,0
2025-04-22,05_HEAD_Thiet ke,Messages,856,942,1.100467,43669,0,661.651515,46357.74947,51015.18692,0,0,0,0,0,2
2025-04-22,11_Q7_Hon hop,Messages,7576,7996,1.055438,274988,1.850925,366.16245,34390.69535,36297.25449,0,0,0,9,148,31
2025-04-22,05_HEAD_Thiet ke,Messages,125,126,1.008,9314,0.793651,1034.888889,73920.63492,74512,0,0,0,0,1,0
2025-04-22,11_Q2_Hon hop,Messages,441,483,1.095238,39209,0.621118,1120.257143,81178.05383,88909.29705,0,0,0,0,3,1
2025-04-22,01_HEAD_Embrace of Tana,Messages,14,16,1.142857,592,0,0,37000,42285.71429,0,0,0,0,0,0
2025-04-22,07_HEAD_Hoa cat canh,Engagement,745,790,1.060403,54529,0.759494,641.517647,69024.05063,73193.28859,0,0,0,1,6,2
2025-04-22,10_HEAD_Lan Ho diep,Messages,0,0,0,0,0,0,0,0,0,0,0,0,0,1
2025-04-22,07_HEAD_Hoa cat canh,Engagement,130,155,1.192308,16671,1.290323,1282.384615,107554.8387,128238.4615,0,0,0,0,2,0
2025-04-22,07_Q2_Hoa cat canh,Engagement,28,32,1.142857,4488,3.125,1122,140250,160285.7143,0,0,0,0,1,0
2025-04-22,10_HEAD_Lan Ho diep,Messages,1130,1380,1.221239,107526,0.507246,1235.931034,77917.3913,95155.75221,0,0,0,1,7,3
2025-04-22,07_HEAD_Hoa cat canh,Engagement,1033,1142,1.105518,64829,1.050788,558.87069,56767.95096,62757.98645,0,0,0,1,12,4
2025-04-22,01_HEAD_Embrace of Tana,Messages,10,10,1,537,0,0,53700,53700,0,0,0,0,0,0
2025-04-22,01_HEAD_Embrace of Tana,Messages,83,83,1,3993,0,798.6,48108.43374,48108.43374,0,0,0,0,0,0
2025-04-22,05_HEAD_Thiet ke,Messages,79,82,1.037975,10032,0,1672,122341.4634,126987.3418,0,0,0,0,0,0
2025-04-22,05_HEAD_Thiet ke,Messages,42,42,1,4813,0,2406.5,114595.2381,114595.2381,0,0,0,0,0,0
2025-04-22,13_Campaigns Trung thu 2022,Engagement,402,441,1.097015,26571,0.680272,916.241379,60251.70068,66097.01493,0,0,0,0,3,1
2025-04-22,13_Campaigns Trung thu 2022,Engagement,324,345,1.064815,25251,0.289855,765.181818,73191.30435,77935.18519,0,0,0,0,1,1
2025-04-21,05_HEAD_Thiet ke,Messages,329,381,1.158055,19522,1.049869,673.172414,51238.84514,59337.38602,0,0,0,0,4,0
2025-04-21,05_HEAD_Thiet ke,Messages,22,26,1.181818,2699,0,2699,103807.6923,122681.8182,0,0,0,0,0,0
2025-04-21,05_HEAD_Thiet ke,Messages,57,59,1.035088,6446,1.694915,716.222222,109254.2373,113087.7193,0,0,0,0,1,0
2025-04-21,11_Q7_Hon hop,Messages,985,1146,1.163452,157888,0.4363,1205.251908,137773.1239,160292.3858,0,0,0,0,5,7
2025-04-21,05_HEAD_Thiet ke,Messages,101,111,1.09901,8926,0,743.833333,80414.41441,88376.23762,0,0,0,0,0,0
2025-04-21,10_HEAD_Lan Ho diep,Messages,584,706,1.208904,60006,0.849858,937.59375,84994.33428,102750,0,0,0,1,6,5
2025-04-21,05_HEAD_Thiet ke,Messages,330,359,1.087879,20377,0.557103,582.2,56760.44568,61748.48485,0,0,0,0,2,1
2025-04-21,01_HEAD_Embrace of Tana,Messages,111,112,1.009009,7113,0,2371,63508.92857,64081.08108,0,0,0,0,0,0
2025-04-21,07_HEAD_Hoa cat canh,Engagement,748,946,1.264706,58726,0.528541,587.26,62078.2241,78510.69519,0,0,0,2,5,2
2025-04-21,04_HEAD_Breezy,Messages,1361,1544,1.13446,78356,0.647668,816.208333,50748.70466,57572.37326,0,0,0,2,10,5
2025-04-21,05_HEAD_Thiet ke,Messages,96,101,1.052083,11505,0,1643.571429,113910.8911,119843.75,0,0,0,0,0,0
2025-04-21,05_HEAD_Thiet ke,Messages,172,193,1.122093,14480,0,1448,75025.90674,84186.04651,0,0,0,0,0,0
2025-04-21,04_HEAD_Breezy,Messages,291,303,1.041237,8138,0.660066,581.285714,26858.08581,27965.63574,0,0,0,1,2,0
2025-04-21,11_Q2_Hon hop,Messages,758,781,1.030343,52019,2.048656,536.278351,66605.6338,68626.64908,0,0,0,1,16,1
2025-04-21,04_HEAD_Breezy,Messages,647,695,1.074189,21067,0.863309,619.617647,30312.23022,32561.05101,0,0,0,1,6,1
2025-04-21,10_HEAD_Lan Ho diep,Messages,0,0,0,0,0,0,0,0,0,0,0,0,0,0
2025-04-21,01_HEAD_Embrace of Tana,Messages,2007,2355,1.173393,80633,0.59448,592.889706,34239.06582,40175.88441,0,0,0,3,14,9
2025-04-21,07_Q7_Hoa cat canh,Engagement,582,761,1.30756,72212,0.131406,1289.5,94890.93298,124075.6014,0,0,0,0,1,1
2025-04-21,11_Q7_Hon hop,Messages,99,130,1.313131,15279,0,5093,117530.7692,154333.3333,0,0,0,0,0,1
2025-04-21,07_Q2_Hoa cat canh,Engagement,467,683,1.462527,76892,0.732064,915.380952,112579.795,164650.9636,0,0,0,0,5,2
2025-04-21,07_HEAD_Hoa cat canh,Engagement,775,1161,1.498065,113295,0.516796,968.333333,97583.97933,146187.0968,0,0,0,0,6,2
2025-04-21,BR_HTM_Tuong tac,Engagement,324,343,1.058642,3225,0,358.333333,9402.332362,9953.703704,0,0,0,0,0,1
2025-04-21,BR_HTM_Tuong tac,Engagement,1021,1085,1.062684,26111,0.829493,277.776596,24065.43779,25573.94711,0,0,0,0,9,0
2025-04-21,07_HEAD_Hoa cat canh,Engagement,571,752,1.316988,52280,0.398936,917.192982,69521.2766,91558.669,0,0,0,0,3,0
2025-04-21,07_Q2_Hoa cat canh,Engagement,188,192,1.021277,14707,0.520833,700.333333,76598.95833,78228.7234,0,0,0,0,1,0
2025-04-21,07_HEAD_Hoa cat canh,Engagement,784,934,1.191327,51684,0.642398,698.432432,55336.18844,65923.46939,0,0,0,0,6,1
2025-04-21,BR_HTM_Tuong tac,Engagement,923,1176,1.274106,30306,2.12585,144.314286,25770.40816,32834.23619,0,0,0,0,25,0
2025-04-21,BR_Mokar_Tuong tac,Engagement,1208,1279,1.058775,24556,0.781861,240.745098,19199.37451,20327.81457,0,0,0,0,10,0
2025-04-21,07_Q7_Hoa cat canh,Engagement,313,328,1.047923,18624,0,744.96,56780.48781,59501.59744,0,0,0,0,0,0
2025-04-21,05_HEAD_Thiet ke,Messages,151,169,1.119205,12050,0,602.5,71301.77515,79801.3245,0,0,0,0,0,2
2025-04-21,08_HEAD_Daily Flower,Messages,841,954,1.134364,49172,1.048218,585.380952,51542.97694,58468.48989,0,0,0,0,10,1
2025-04-21,05_HEAD_Thiet ke,Messages,71,82,1.15493,7110,1.219512,646.363636,86707.31707,100140.8451,0,0,0,0,1,0
2025-04-21,11_Q7_Hon hop,Messages,7304,7660,1.04874,277442,2.180157,343.368812,36219.58225,37984.93976,0,0,0,9,167,30
2025-04-21,01_HEAD_Embrace of Tana,Messages,87,101,1.16092,3934,0.990099,562,38950.49505,45218.39081,0,0,0,0,1,0
2025-04-21,11_Q2_Hon hop,Messages,1719,2047,1.190809,170998,0.48852,1163.251701,83535.9062,99475.27632,0,0,0,2,10,8
2025-04-21,10_HEAD_Lan Ho diep,Messages,314,380,1.210191,39157,0,1631.541667,103044.7368,124703.8217,0,0,0,1,0,1
2025-04-21,07_HEAD_Hoa cat canh,Engagement,222,253,1.13964,18870,0.395257,629,74584.98024,85000,0,0,0,0,1,1
2025-04-21,10_HEAD_Lan Ho diep,Messages,61,62,1.016393,7545,0,2515,121693.5484,123688.5246,0,0,0,0,0,0
2025-04-21,07_HEAD_Hoa cat canh,Engagement,0,0,0,0,0,0,0,0,0,0,0,0,0,2
2025-04-21,07_Q2_Hoa cat canh,Engagement,231,296,1.281385,40548,1.013514,1039.692308,136986.4865,175532.4675,0,0,0,0,3,1
2025-04-21,10_HEAD_Lan Ho diep,Messages,372,482,1.295699,38062,0.414938,1227.806452,78966.80498,102317.2043,0,0,0,0,2,1
2025-04-21,10_HEAD_Lan Ho diep,Messages,704,774,1.099432,60913,0.775194,771.050633,78698.96641,86524.14773,0,0,0,3,6,7
2025-04-21,05_HEAD_Thiet ke,Messages,86,90,1.046512,8182,1.111111,909.111111,90911.11111,95139.53488,0,0,0,0,1,0
2025-04-21,07_HEAD_Hoa cat canh,Engagement,544,610,1.121324,34719,0.983607,694.38,56916.39344,63821.69118,0,0,0,1,6,1
2025-04-20,01_HEAD_Embrace of Tana,Messages,96,97,1.010417,3736,0,747.2,38515.46392,38916.66667,0,0,0,1,0,0
2025-04-20,11_Q7_Hon hop,Messages,518,537,1.03668,58262,0.558659,1239.617021,108495.3445,112474.9035,0,0,0,0,3,2
2025-04-20,01_HEAD_Embrace of Tana,Messages,0,0,0,0,0,0,0,0,0,0,0,0,0,1
2025-04-20,05_HEAD_Thiet ke,Messages,240,252,1.05,30923,0,1819,122710.3175,128845.8333,0,0,0,0,0,1
2025-04-20,01_HEAD_Embrace of Tana,Messages,21,21,1,1654,0,0,78761.90476,78761.90476,0,0,0,0,0,0
2025-04-20,01_HEAD_Embrace of Tana,Messages,225,245,1.088889,26043,0.408163,3255.375,106297.9592,115746.6667,0,0,0,0,1,1
2025-04-20,11_Q7_Hon hop,Messages,647,681,1.05255,41047,0.587372,804.843137,60274.59618,63442.04019,0,0,0,0,4,1
2025-04-20,04_HEAD_Breezy,Messages,1125,1199,1.065778,58492,0.917431,596.857143,48783.98666,51992.88889,0,0,0,0,11,3
2025-04-20,01_HEAD_Embrace of Tana,Messages,110,115,1.045455,4897,0,1632.333333,42582.6087,44518.18182,0,0,0,0,0,0
2025-04-20,10_HEAD_Lan Ho diep,Messages,469,476,1.014925,53936,1.05042,1498.222222,113310.9244,115002.1322,0,0,0,0,5,1
2025-04-20,01_HEAD_Embrace of Tana,Messages,436,481,1.103211,26808,0.831601,957.428571,55733.88773,61486.23853,0,0,0,0,4,0
2025-04-20,11_Q2_Hon hop,Messages,3142,3311,1.053787,165862,2.355784,459.451524,50094.23135,52788.66964,0,0,0,5,78,17
2025-04-20,04_HEAD_Breezy,Messages,637,672,1.054945,27070,0.892857,392.318841,40282.7381,42496.07535,0,0,0,3,6,4
2025-04-20,10_HEAD_Lan Ho diep,Messages,1189,1433,1.205214,111011,0.488486,1027.87963,77467.55059,93365.01262,0,0,0,0,7,3
2025-04-20,05_HEAD_Thiet ke,Messages,223,235,1.053812,18376,0,4594,78195.74468,82403.58744,0,0,0,0,0,0
2025-04-20,04_HEAD_Breezy,Messages,170,177,1.041176,7547,0,2515.666667,42638.41808,44394.11765,0,0,0,0,0,0
2025-04-20,07_HEAD_Hoa cat canh,Engagement,196,234,1.193878,22064,0.854701,959.304348,94290.59829,112571.4286,0,0,0,0,2,0
2025-04-20,04_HEAD_Breezy,Messages,623,647,1.038523,24869,0.309119,578.348837,38437.4034,39918.13804,0,0,0,0,2,0
2025-04-20,11_Q2_Hon hop,Messages,276,282,1.021739,32265,0.35461,1240.961538,114414.8936,116902.1739,0,0,0,0,1,0
2025-04-20,07_HEAD_Hoa cat canh,Engagement,57,60,1.052632,5803,0,2901.5,96716.66667,101807.0175,0,0,0,0,0,0
2025-04-20,05_HEAD_Thiet ke,Messages,211,215,1.018957,15938,0.465116,996.125,74130.23256,75535.54502,0,0,0,0,1,0
2025-04-20,07_Q7_Hoa cat canh,Engagement,1078,1342,1.244898,88334,0.745156,803.036364,65822.65276,81942.48609,0,0,0,0,10,1
2025-04-20,04_HEAD_Breezy,Messages,1529,1702,1.113146,38593,0.176263,857.622222,22675.08813,25240.68018,0,0,0,1,3,1
2025-04-20,07_Q2_Hoa cat canh,Engagement,719,943,1.311544,90083,0.742312,938.364583,95528.1018,125289.2907,0,0,0,0,7,0
2025-04-20,04_HEAD_Breezy,Messages,2200,2564,1.165455,73390,0.780031,780.744681,28623.24493,33359.09091,0,0,0,0,20,5
2025-04-20,07_HEAD_Hoa cat canh,Engagement,96,99,1.03125,12299,0,2459.8,124232.3232,128114.5833,0,0,0,0,0,0
2025-04-20,04_HEAD_Breezy,Messages,481,494,1.027027,17381,1.821862,457.394737,35184.21053,36135.13514,0,0,0,0,9,0
2025-04-20,BR_HTM_Tuong tac,Engagement,560,593,1.058929,8832,0.337268,368,14893.76054,15771.42857,0,0,0,0,2,0
2025-04-20,01_HEAD_Embrace of Tana,Messages,2277,2573,1.129996,64157,0.466382,468.29927,24934.70657,28176.10892,0,0,0,1,12,7
2025-04-20,07_HEAD_Hoa cat canh,Engagement,1352,1941,1.435651,114431,1.030397,628.741758,58954.66255,84638.31361,0,0,0,0,20,3
2025-04-20,11_Q7_Hon hop,Messages,205,262,1.278049,23892,0.381679,1194.6,91190.8397,116546.3415,0,0,0,1,1,0
2025-04-20,05_HEAD_Thiet ke,Messages,321,346,1.077882,19708,0,1516,56959.53757,61395.63863,0,0,0,0,0,0
2025-04-20,07_HEAD_Hoa cat canh,Engagement,508,732,1.440945,58960,0.273224,854.492754,80546.44809,116062.9921,0,0,0,0,2,0
2025-04-20,07_HEAD_Hoa cat canh,Engagement,629,767,1.219396,45703,1.564537,502.230769,59586.70143,72659.77742,0,0,0,1,12,5
2025-04-20,BR_HTM_Tuong tac,Engagement,640,680,1.0625,20790,1.029412,266.538462,30573.52941,32484.375,0,0,0,0,7,0
2025-04-20,BR_Mokar_Tuong tac,Engagement,1123,1173,1.044524,25184,0.59676,242.153846,21469.73572,22425.64559,0,0,0,0,7,0
2025-04-20,07_Q2_Hoa cat canh,Engagement,1,1,1,7,0,0,7000,7000,0,0,0,0,0,0
2025-04-20,10_HEAD_Lan Ho diep,Messages,213,233,1.093897,17128,0.858369,1007.529412,73510.72961,80413.14554,0,0,0,0,2,1
2025-04-20,BR_HTM_Tuong tac,Engagement,900,1173,1.303333,29908,2.728048,127.811966,25497.0162,33231.11111,0,0,0,0,32,1
2025-04-20,05_HEAD_Thiet ke,Messages,529,545,1.030246,22091,0,538.804878,40533.94495,41759.92439,0,0,0,0,0,1
2025-04-20,07_Q7_Hoa cat canh,Engagement,10,10,1,267,0,133.5,26700,26700,0,0,0,0,0,0
2025-04-20,05_HEAD_Thiet ke,Messages,39,39,1,3139,2.564103,627.8,80487.17949,80487.17949,0,0,0,0,1,0
2025-04-20,08_HEAD_Daily Flower,Messages,1001,1128,1.126873,48969,0.443262,589.987952,43412.23404,48920.07992,0,0,0,0,5,0
2025-04-20,05_HEAD_Thiet ke,Messages,101,103,1.019802,3733,0,533.285714,36242.71845,36960.39604,0,0,0,0,0,0
2025-04-20,11_Q7_Hon hop,Messages,8922,9345,1.047411,272978,1.540931,314.490783,29211.12895,30596.0547,0,0,0,14,144,29
2025-04-20,01_HEAD_Embrace of Tana,Messages,231,267,1.155844,11075,0,1230.555556,41479.40075,47943.72294,0,0,0,0,0,0
2025-04-20,04_HEAD_Breezy,Messages,284,288,1.014085,15832,2.430556,545.931034,54972.22222,55746.47887,0,0,0,0,7,0
2025-04-20,10_HEAD_Lan Ho diep,Messages,1460,1725,1.181507,108725,0.811594,829.961832,63028.98551,74469.17808,0,0,0,4,14,6
2025-04-20,11_Q2_Hon hop,Messages,1380,1520,1.101449,110115,0.526316,803.759124,72444.07895,79793.47826,0,0,0,0,8,10
2025-04-20,10_HEAD_Lan Ho diep,Messages,3,4,1.333333,1329,0,0,332250,443000,0,0,0,0,0,0
2025-04-20,07_HEAD_Hoa cat canh,Engagement,933,1012,1.084673,66054,1.284585,680.969072,65270.75099,70797.42765,0,0,0,3,13,6
2025-04-20,07_Q2_Hoa cat canh,Engagement,418,469,1.12201,39201,0.426439,1400.035714,83584.22175,93782.29665,0,0,0,0,2,0
2025-04-20,07_HEAD_Hoa cat canh,Engagement,318,349,1.097484,27877,0.286533,1548.722222,79876.79083,87663.52201,0,0,0,0,1,0
2025-04-20,10_HEAD_Lan Ho diep,Messages,480,546,1.1375,42465,0.732601,965.113636,77774.72528,88468.75,0,0,0,0,4,2
2025-04-20,10_HEAD_Lan Ho diep,Messages,80,107,1.3375,11595,2.803738,1054.090909,108364.486,144937.5,0,0,0,0,3,0
2025-04-19,05_HEAD_Thiet ke,Messages,154,168,1.090909,16594,1.190476,1185.285714,98773.80952,107753.2468,0,0,0,0,2,0
2025-04-19,05_HEAD_Thiet ke,Messages,203,216,1.064039,25809,0.462963,2346.272727,119486.1111,127137.931,0,0,0,0,1,0
2025-04-19,05_HEAD_Thiet ke,Messages,56,62,1.107143,2264,0,0,36516.12903,40428.57143,0,0,0,0,0,0
2025-04-19,11_Q2_Hon hop,Messages,1519,1612,1.061224,121905,2.729529,645,75623.44913,80253.45622,0,0,0,5,44,13
2025-04-19,01_HEAD_Embrace of Tana,Messages,639,691,1.081377,31064,0.144718,1412,44955.13748,48613.45853,0,0,0,0,1,1
2025-04-19,07_Q7_Hoa cat canh,Engagement,1192,1415,1.187081,70581,0.565371,555.755906,49880.56537,59212.24832,0,0,0,0,8,2
2025-04-19,05_HEAD_Thiet ke,Messages,964,1010,1.047718,109047,0.29703,1627.567164,107967.3267,113119.2946,0,0,0,0,3,5
2025-04-19,07_Q2_Hoa cat canh,Engagement,610,740,1.213115,83426,0.405405,1226.852941,112737.8378,136763.9344,0,0,0,1,3,1
2025-04-19,01_HEAD_Embrace of Tana,Messages,0,0,0,0,0,0,0,0,0,0,0,0,0,1
2025-04-19,BR_HTM_Tuong tac,Engagement,894,928,1.038031,16555,0.969828,250.833333,17839.43966,18517.89709,0,0,0,0,9,0
2025-04-19,04_HEAD_Breezy,Messages,2082,2467,1.184918,76102,0.567491,884.906977,30847.99351,36552.35351,0,0,0,1,14,4
2025-04-19,07_HEAD_Hoa cat canh,Engagement,1438,2114,1.470097,148934,0.662252,979.828947,70451.2772,103570.2364,0,0,0,0,14,5
2025-04-19,01_HEAD_Embrace of Tana,Messages,2787,3110,1.115895,95722,0.450161,573.185629,30778.77814,34345.89164,0,0,0,3,14,9
2025-04-19,05_HEAD_Thiet ke,Messages,1231,1378,1.119415,65697,0.290276,1684.538462,47675.61684,53368.80585,0,0,0,0,4,3
2025-04-19,11_Q7_Hon hop,Messages,127,145,1.141732,17553,1.37931,1253.785714,121055.1724,138212.5984,0,0,0,0,2,0
2025-04-19,BR_Mokar_Tuong tac,Engagement,1196,1263,1.05602,24286,0.316706,285.717647,19228.82027,20306.02007,0,0,0,0,4,0
2025-04-19,07_HEAD_Hoa cat canh,Engagement,405,538,1.328395,47029,0.743494,870.907407,87414.49814,116120.9877,0,0,0,1,4,0
2025-04-19,10_HEAD_Lan Ho diep,Messages,352,372,1.056818,29822,0.268817,1028.344828,80166.66667,84721.59091,0,0,0,0,1,1
2025-04-19,BR_HTM_Tuong tac,Engagement,448,477,1.064732,12134,0.628931,295.95122,25438.15514,27084.82143,0,0,0,0,3,0
2025-04-19,10_HEAD_Lan Ho diep,Messages,819,864,1.054945,61337,0.694444,1076.087719,70991.89815,74892.55189,0,0,0,0,6,3
2025-04-19,BR_HTM_Tuong tac,Engagement,1323,1583,1.196523,29616,1.452937,143.76699,18708.7808,22385.48753,0,0,0,0,23,0
2025-04-19,05_HEAD_Thiet ke,Messages,244,252,1.032787,14295,0,794.166667,56726.19048,58586.06557,0,0,0,0,0,0
2025-04-19,10_HEAD_Lan Ho diep,Messages,0,0,0,0,0,0,0,0,0,0,0,0,0,1
2025-04-19,11_Q2_Hon hop,Messages,166,177,1.066265,15513,0,1034.2,87644.0678,93451.80723,0,0,0,0,0,0
2025-04-19,08_HEAD_Daily Flower,Messages,677,790,1.166913,57057,0.886076,967.067797,72224.05063,84279.17282,0,0,0,0,7,1
2025-04-19,07_Q7_Hoa cat canh,Engagement,141,160,1.134752,15721,0,5240.333333,98256.25,111496.4539,0,0,0,0,0,0
2025-04-19,11_Q7_Hon hop,Messages,6078,6391,1.051497,229208,1.908934,364.980892,35864.18401,37711.08917,0,0,0,8,122,21
2025-04-19,05_HEAD_Thiet ke,Messages,87,88,1.011494,5183,0,740.428571,58897.72727,59574.71264,0,0,0,0,0,0
2025-04-19,11_Q2_Hon hop,Messages,1504,1790,1.19016,163650,0.837989,979.94012,91424.58101,108809.8404,0,0,0,0,15,5
2025-04-19,01_HEAD_Embrace of Tana,Messages,76,81,1.065789,3117,0,1039,38481.48148,41013.1579,0,0,0,0,0,0
2025-04-19,01_HEAD_Embrace of Tana,Messages,405,459,1.133333,21880,0.653595,1041.904762,47668.84532,54024.69136,0,0,0,0,3,0
2025-04-19,10_HEAD_Lan Ho diep,Messages,66,73,1.106061,6782,0,3391,92904.10959,102757.5758,0,0,0,0,0,0
2025-04-19,10_HEAD_Lan Ho diep,Messages,0,0,0,0,0,0,0,0,0,0,0,0,0,0
2025-04-19,10_HEAD_Lan Ho diep,Messages,75,81,1.08,14694,1.234568,1130.307692,181407.4074,195920,0,0,0,0,1,1
2025-04-19,10_HEAD_Lan Ho diep,Messages,338,418,1.236686,45840,0.239234,2412.631579,109665.0718,135621.3018,0,0,0,0,1,0
2025-04-19,07_HEAD_Hoa cat canh,Engagement,1986,2592,1.305136,165676,0.848765,654.84585,63918.20988,83421.95368,0,0,0,2,22,16
2025-04-19,07_Q2_Hoa cat canh,Engagement,356,410,1.151685,40040,0.731707,1380.689655,97658.53659,112471.9101,0,0,0,1,3,1
2025-04-19,07_HEAD_Hoa cat canh,Engagement,442,510,1.153846,44903,1.176471,976.152174,88045.09804,101590.4977,0,0,0,0,6,1
2025-04-19,10_HEAD_Lan Ho diep,Messages,19,19,1,885,5.263158,442.5,46578.94737,46578.94737,0,0,0,0,1,0
2025-04-19,10_HEAD_Lan Ho diep,Messages,326,383,1.174847,30430,1.827676,661.521739,79451.69713,93343.55828,0,0,0,1,7,1
2025-04-18,05_HEAD_Thiet ke,Messages,790,899,1.137975,79876,0.667408,918.114943,88849.83315,101108.8608,0,0,0,0,6,6
2025-04-18,05_HEAD_Thiet ke,Messages,172,176,1.023256,25517,0.568182,5103.4,144982.9545,148354.6512,0,0,0,0,1,1
2025-04-18,05_HEAD_Thiet ke,Messages,109,122,1.119266,6920,0,988.571429,56721.31148,63486.23853,0,0,0,0,0,0
2025-04-18,04_HEAD_Breezy,Messages,361,397,1.099723,36102,1.259446,1031.485714,90937.02771,100005.5402,0,0,0,0,5,0
2025-04-18,01_HEAD_Embrace of Tana,Messages,794,882,1.110831,42273,0.340136,862.714286,47928.57143,53240.55416,0,0,0,0,3,1
2025-04-18,11_Q2_Hon hop,Messages,542,551,1.016605,50538,2.359347,828.491803,91720.50817,93243.54244,0,0,0,0,13,2
2025-04-18,11_Q7_Hon hop,Messages,339,370,1.091445,25971,1.081081,701.918919,70191.89189,76610.61947,0,0,0,0,4,0
2025-04-18,04_HEAD_Breezy,Messages,98,103,1.05102,4551,0,650.142857,44184.46602,46438.77551,0,0,0,0,0,0
2025-04-18,05_HEAD_Thiet ke,Messages,14,14,1,802,0,802,57285.71429,57285.71429,0,0,0,0,0,1
2025-04-18,04_HEAD_Breezy,Messages,358,371,1.036313,19602,0.269542,816.75,52835.57952,54754.18994,0,0,0,0,1,0
2025-04-18,05_HEAD_Thiet ke,Messages,145,146,1.006897,13105,0,6552.5,89760.27397,90379.31035,0,0,0,0,0,0
2025-04-18,07_Q7_Hoa cat canh,Engagement,260,346,1.330769,28737,0.578035,1368.428571,83054.9133,110526.9231,0,0,0,0,2,0
2025-04-18,07_Q2_Hoa cat canh,Engagement,249,323,1.297189,42388,0,1513.857143,131232.1981,170232.9317,0,0,0,0,0,1
2025-04-18,07_Q2_Hoa cat canh,Engagement,365,461,1.263014,54439,0.433839,1209.755556,118088.9371,149147.9452,0,0,0,0,2,0
2025-04-18,05_HEAD_Thiet ke,Messages,179,189,1.055866,20830,0.529101,1735.833333,110211.6402,116368.7151,0,0,0,0,1,1
2025-04-18,07_HEAD_Hoa cat canh,Engagement,0,0,0,0,0,0,0,0,0,0,0,0,0,1
2025-04-18,04_HEAD_Breezy,Messages,1301,1651,1.269024,63041,0.423985,900.585714,38183.52514,48455.80323,0,0,0,1,7,3
2025-04-18,07_HEAD_Hoa cat canh,Engagement,1096,1661,1.515511,116888,0.421433,823.15493,70372.06502,106649.635,0,0,0,0,7,6
2025-04-18,01_HEAD_Embrace of Tana,Messages,392,423,1.079082,13020,0.236407,420,30780.14184,33214.28571,0,0,0,0,1,0
2025-04-18,BR_Mokar_Tuong tac,Engagement,1246,1325,1.063403,25567,0.754717,230.333333,19295.84906,20519.26164,0,0,0,0,10,1
2025-04-18,11_Q7_Hon hop,Messages,129,163,1.263566,23020,1.226994,1534.666667,141226.9939,178449.6124,0,0,0,0,2,0
2025-04-18,01_HEAD_Embrace of Tana,Messages,0,0,0,0,0,0,0,0,0,0,0,0,0,0
2025-04-18,07_HEAD_Hoa cat canh,Engagement,1067,1647,1.54358,172960,0.242866,1429.421488,105015.1791,162099.344,0,0,0,0,4,6
2025-04-18,10_HEAD_Lan Ho diep,Messages,374,408,1.090909,34277,0.980392,926.405405,84012.2549,91649.73262,0,0,0,0,4,0
2025-04-18,BR_HTM_Tuong tac,Engagement,1015,1313,1.293596,30747,1.675552,153.735,23417.36481,30292.61084,0,0,0,0,22,0
2025-04-18,10_HEAD_Lan Ho diep,Messages,513,584,1.138402,56168,0.856164,1170.166667,96178.08219,109489.2788,0,0,0,1,5,1
2025-04-18,10_HEAD_Lan Ho diep,Messages,388,418,1.07732,42401,0,4240.1,101437.799,109280.9278,0,0,0,0,0,0
2025-04-18,10_HEAD_Lan Ho diep,Messages,333,374,1.123123,35249,0.26738,1468.708333,94248.6631,105852.8529,0,0,0,0,1,0
2025-04-18,08_HEAD_Daily Flower,Messages,1087,1283,1.180313,81386,0.779423,856.694737,63434.13874,74872.12512,0,0,0,0,10,7
2025-04-18,05_HEAD_Thiet ke,Messages,346,366,1.057803,16554,0.546448,486.882353,45229.5082,47843.93064,0,0,0,0,2,1
2025-04-18,11_Q7_Hon hop,Messages,3334,3615,1.084283,196948,1.825726,523.797872,54480.77455,59072.58548,0,0,0,9,66,14
2025-04-18,11_Q2_Hon hop,Messages,163,174,1.067485,10791,1.149425,674.4375,62017.24138,66202.45399,0,0,0,0,2,1
2025-04-18,10_HEAD_Lan Ho diep,Messages,251,291,1.159363,36072,0,4509,123958.7629,143713.1474,0,0,0,0,0,1
2025-04-18,07_HEAD_Hoa cat canh,Engagement,90,100,1.111111,12453,0,1779,124530,138366.6667,0,0,0,0,0,0
2025-04-18,04_HEAD_Breezy,Messages,378,395,1.044974,18187,1.012658,699.5,46043.03798,48113.75661,0,0,0,0,4,0
2025-04-18,07_Q7_Hoa cat canh,Engagement,672,808,1.202381,67378,0.371287,1069.492063,83388.61386,100264.881,0,0,0,1,3,2
2025-04-18,11_Q2_Hon hop,Messages,1890,2293,1.213228,223558,0.479721,967.78355,97495.85696,118284.6561,0,0,0,1,11,19
2025-04-18,05_HEAD_Thiet ke,Messages,255,286,1.121569,20498,0.699301,931.727273,71671.32867,80384.31373,0,0,0,0,2,0
2025-04-18,05_HEAD_Thiet ke,Messages,244,261,1.069672,12977,0,589.863636,49720.30651,53184.42623,0,0,0,0,0,0
2025-04-18,01_HEAD_Embrace of Tana,Messages,181,213,1.176796,14986,0.469484,2140.857143,70356.80751,82795.58011,0,0,0,0,1,0
2025-04-18,01_HEAD_Embrace of Tana,Messages,164,177,1.079268,7398,0.564972,569.076923,41796.61017,45109.7561,0,0,0,0,1,0
2025-04-18,01_HEAD_Embrace of Tana,Messages,297,318,1.070707,24171,0.314465,2685.666667,76009.43396,81383.83838,0,0,0,0,1,0
2025-04-18,10_HEAD_Lan Ho diep,Messages,69,77,1.115942,18092,2.597403,1809.2,234961.039,262202.8986,0,0,0,0,2,1
2025-04-18,10_HEAD_Lan Ho diep,Messages,64,64,1,6421,0,0,100328.125,100328.125,0,0,0,0,0,0
2025-04-18,10_HEAD_Lan Ho diep,Messages,486,563,1.158436,43946,0.17762,1417.612903,78056.83837,90423.86831,0,0,0,0,1,2
2025-04-18,07_HEAD_Hoa cat canh,Engagement,245,274,1.118367,24561,0.729927,558.204545,89638.68613,100248.9796,0,0,0,0,2,1
2025-04-18,07_Q2_Hoa cat canh,Engagement,146,150,1.027397,15701,0,1570.1,104673.3333,107541.0959,0,0,0,0,0,1
2025-04-17,01_HEAD_Embrace of Tana,Messages,965,1075,1.11399,50159,0.372093,946.396226,46659.53488,51978.23834,0,0,0,0,4,1
2025-04-17,04_HEAD_Breezy,Messages,971,1141,1.175077,64549,0.876424,672.385417,56572.305,66476.82801,0,0,0,0,10,4
2025-04-17,05_HEAD_Thiet ke,Messages,1048,1317,1.256679,118727,0.759301,1069.612613,90149.58238,113289.1221,0,0,0,1,10,5
2025-04-17,11_Q2_Hon hop,Messages,483,506,1.047619,43265,1.976285,983.295455,85503.95257,89575.56936,0,0,0,0,10,1
2025-04-17,07_HEAD_Hoa cat canh,Engagement,0,0,0,0,0,0,0,0,0,0,0,0,0,1
2025-04-17,07_Q7_Hoa cat canh,Engagement,908,1131,1.245595,85217,0.265252,1271.895522,75346.59593,93851.32159,0,0,0,0,3,3
2025-04-17,11_Q2_Hon hop,Messages,30,35,1.166667,4789,0,2394.5,136828.5714,159633.3333,0,0,0,0,0,0
2025-04-17,07_Q2_Hoa cat canh,Engagement,767,1015,1.323338,74788,0.492611,869.627907,73682.75862,97507.1708,0,0,0,0,5,1
2025-04-17,11_Q7_Hon hop,Messages,145,200,1.37931,21645,3.5,721.5,108225,149275.8621,0,0,0,0,7,1
2025-04-17,07_HEAD_Hoa cat canh,Engagement,0,0,0,0,0,0,0,0,0,0,0,0,0,1
2025-04-17,07_HEAD_Hoa cat canh,Engagement,1684,2463,1.462589,160401,0.568413,802.005,65124.23873,95250,0,0,0,0,14,3
2025-04-17,07_HEAD_Hoa cat canh,Engagement,763,965,1.264744,32016,1.139896,372.27907,33177.20207,41960.68152,0,0,0,0,11,1
2025-04-17,BR_HTM_Tuong tac,Engagement,1330,1557,1.170677,31322,1.669878,139.208889,20116.89146,23550.37594,0,0,0,0,26,0
2025-04-17,07_HEAD_Hoa cat canh,Engagement,646,779,1.205882,41274,0.513479,724.105263,52983.31194,63891.64087,0,0,0,0,4,2
2025-04-17,10_HEAD_Lan Ho diep,Messages,1031,1470,1.4258,105371,0.544218,1023.019417,71680.95238,102202.7158,0,0,0,1,8,5
2025-04-17,BR_Mokar_Tuong tac,Engagement,964,1034,1.072614,26722,0.386847,287.333333,25843.32689,27719.91701,0,0,0,0,4,0
2025-04-17,08_HEAD_Daily Flower,Messages,892,1046,1.172646,52522,0.764818,590.134831,50212.23709,58881.16592,0,0,0,0,8,2
2025-04-17,10_HEAD_Lan Ho diep,Messages,186,234,1.258065,20701,2.136752,796.192308,88465.81197,111295.6989,0,0,0,0,5,0
2025-04-17,11_Q7_Hon hop,Messages,4940,5378,1.088664,241705,2.082559,413.878425,44943.28747,48928.13765,0,0,0,4,112,16
2025-04-17,05_HEAD_Thiet ke,Messages,795,982,1.23522,48098,0.916497,522.804348,48979.6334,60500.62893,0,0,0,0,9,4
2025-04-17,11_Q2_Hon hop,Messages,711,845,1.188467,76820,0.35503,872.954545,90911.2426,108045.007,0,0,0,0,3,3
2025-04-17,11_Q2_Hon hop,Messages,163,213,1.306748,12314,0,769.625,57812.20657,75546.01227,0,0,0,0,0,0
2025-04-17,11_Q7_Hon hop,Messages,0,0,0,0,0,0,0,0,0,0,0,0,0,1
2025-04-17,07_HEAD_Hoa cat canh,Engagement,2,2,1,71,0,0,35500,35500,0,0,0,0,0,0
2025-04-16,05_HEAD_Thiet ke,Messages,343,360,1.049563,36246,0.833333,1098.363636,100683.3333,105673.4694,0,0,0,0,3,2
2025-04-16,11_Q7_Hon hop,Messages,722,773,1.070637,87470,0.905563,1107.21519,113156.533,121149.5845,0,0,0,0,7,3
2025-04-16,05_HEAD_Thiet ke,Messages,8,8,1,334,0,0,41750,41750,0,0,0,0,0,0
2025-04-16,05_HEAD_Thiet ke,Messages,409,429,1.0489,40119,1.165501,933,93517.48252,98090.46455,0,0,0,0,5,2
2025-04-16,01_HEAD_Embrace of Tana,Messages,1816,1972,1.085903,78157,0.659229,789.464646,39633.36714,43037.9956,0,0,0,0,13,6
2025-04-16,05_HEAD_Thiet ke,Messages,33,37,1.121212,3501,0,1750.5,94621.62162,106090.9091,0,0,0,0,0,0
2025-04-16,05_HEAD_Thiet ke,Messages,866,983,1.135104,56975,0.305188,791.319444,57960.32553,65790.99307,0,0,0,0,3,4
2025-04-16,01_HEAD_Embrace of Tana,Messages,260,271,1.042308,13208,1.107011,574.26087,48738.00738,50800,0,0,0,0,3,0
2025-04-16,07_HEAD_Hoa cat canh,Engagement,312,413,1.323718,34627,0.242131,1648.904762,83842.61501,110983.9744,0,0,0,0,1,0
2025-04-16,04_HEAD_Breezy,Messages,989,1143,1.155713,51641,0.96238,457,45180.22747,52215.36906,0,0,0,1,11,3
2025-04-16,11_Q2_Hon hop,Messages,32,39,1.21875,6971,2.564103,995.857143,178743.5897,217843.75,0,0,0,0,1,0
2025-04-16,11_Q2_Hon hop,Messages,1591,1709,1.074167,103404,1.813926,555.935484,60505.55881,64993.08611,0,0,0,6,31,6
2025-04-16,01_HEAD_Embrace of Tana,Messages,0,0,0,0,0,0,0,0,0,0,0,0,0,1
2025-04-16,04_HEAD_Breezy,Messages,133,138,1.037594,5193,1.449275,577,37630.43478,39045.11278,0,0,0,0,2,0
2025-04-16,11_Q7_Hon hop,Messages,91,124,1.362637,11389,2.419355,711.8125,91846.77419,125153.8462,0,0,0,1,3,0
2025-04-16,04_HEAD_Breezy,Messages,619,660,1.066236,19337,1.212121,345.303571,29298.48485,31239.09532,0,0,0,0,8,0
2025-04-16,07_HEAD_Hoa cat canh,Engagement,708,954,1.347458,86833,0.314465,1142.539474,91019.91614,122645.4802,0,0,0,0,3,3
2025-04-16,07_Q7_Hoa cat canh,Engagement,961,1228,1.277836,91313,0.407166,1049.574713,74359.12052,95018.73049,0,0,0,0,5,0
2025-04-16,BR_HTM_Tuong tac,Engagement,554,620,1.119134,19121,1.451613,335.45614,30840.32258,34514.44043,0,0,0,0,9,0
2025-04-16,07_Q2_Hoa cat canh,Engagement,897,1198,1.335563,91072,0.250417,771.79661,76020.03339,101529.5429,0,0,0,0,3,0
2025-04-16,BR_HTM_Tuong tac,Engagement,817,950,1.162791,28588,1.684211,159.709497,30092.63158,34991.43207,0,0,0,0,16,0
2025-04-16,07_HEAD_Hoa cat canh,Engagement,511,598,1.170254,43844,0.668896,1124.205128,73317.72575,85800.39139,0,0,0,0,4,3
2025-04-16,07_Q7_Hoa cat canh,Engagement,0,0,0,0,0,0,0,0,0,0,0,0,0,1
2025-04-16,05_HEAD_Thiet ke,Messages,162,170,1.049383,19090,0.588235,1060.555556,112294.1176,117839.5062,0,0,0,0,1,0
2025-04-16,10_HEAD_Lan Ho diep,Messages,261,311,1.191571,31233,0.643087,1249.32,100427.6527,119666.6667,0,0,0,0,2,0
2025-04-16,07_HEAD_Hoa cat canh,Engagement,361,385,1.066482,20284,0.25974,965.904762,52685.71429,56188.36565,0,0,0,0,1,0
2025-04-16,10_HEAD_Lan Ho diep,Messages,1029,1157,1.124393,77294,1.037165,684.017699,66805.53155,75115.64626,0,0,0,0,12,1
2025-04-16,01_HEAD_Embrace of Tana,Messages,249,279,1.120482,18290,0,1075.882353,65555.55556,73453.81526,0,0,0,0,0,0
2025-04-16,08_HEAD_Daily Flower,Messages,858,983,1.145688,44878,0.712106,598.373333,45654.12004,52305.36131,0,0,0,0,7,2
2025-04-16,07_HEAD_Hoa cat canh,Engagement,843,1092,1.295374,60067,0.274725,612.928571,55006.41026,71253.85528,0,0,0,0,3,1
2025-04-16,11_Q7_Hon hop,Messages,4698,5005,1.065347,170905,2.117882,320.64728,34146.85315,36378.24606,0,0,0,3,106,17
2025-04-16,05_HEAD_Thiet ke,Messages,35,36,1.028571,1858,0,0,51611.11111,53085.71429,0,0,0,0,0,0
2025-04-16,11_Q2_Hon hop,Messages,701,799,1.1398,54842,0.500626,685.525,68638.29787,78233.9515,0,0,0,1,4,3
2025-04-16,05_HEAD_Thiet ke,Messages,86,86,1,6015,0,0,69941.86047,69941.86047,0,0,0,0,0,1
2025-04-16,07_HEAD_Hoa cat canh,Engagement,0,0,0,0,0,0,0,0,0,0,0,0,0,1
2025-04-16,07_HEAD_Hoa cat canh,Engagement,61,63,1.032787,3417,0,569.5,54238.09524,56016.39344,0,0,0,0,0,0
2025-04-16,07_HEAD_Hoa cat canh,Engagement,614,725,1.180782,30475,0.413793,1015.833333,42034.48276,49633.55049,0,0,0,0,3,2
2025-04-16,10_HEAD_Lan Ho diep,Messages,170,174,1.023529,14217,1.149425,1184.75,81706.89655,83629.41177,0,0,0,0,2,0
2025-04-16,08_HEAD_Daily Flower,Messages,111,126,1.135135,15881,0,15881,126039.6825,143072.0721,0,0,0,0,0,0
2025-04-16,BR_Mokar_Tuong tac,Engagement,935,1022,1.093048,23352,0.782779,243.25,22849.31507,24975.40107,0,0,0,0,8,0
2025-04-16,07_HEAD_Hoa cat canh,Engagement,203,218,1.073892,13622,0.917431,716.947368,62486.23853,67103.44828,0,0,0,0,2,0
2025-04-16,10_HEAD_Lan Ho diep,Messages,330,367,1.112121,42591,0.27248,2129.55,116051.7711,129063.6364,0,0,0,0,1,0
2025-04-16,10_HEAD_Lan Ho diep,Messages,268,303,1.130597,28284,0.660066,1087.846154,93346.53465,105537.3134,0,0,0,0,2,1
2025-04-16,05_HEAD_Thiet ke,Messages,160,176,1.1,6270,0,1045,35625,39187.5,0,0,0,0,0,0
2025-04-16,05_HEAD_Thiet ke,Messages,370,465,1.256757,22786,0.430108,484.808511,49002.15054,61583.78378,0,0,0,0,2,1
2025-04-16,05_HEAD_Thiet ke,Messages,25,28,1.12,3931,0,3931,140392.8571,157240,0,0,0,0,0,0
2025-04-16,05_HEAD_Thiet ke,Messages,179,195,1.089385,19098,1.025641,954.9,97938.46154,106692.7374,0,0,0,0,2,0
2025-04-16,11_Q2_Hon hop,Messages,166,207,1.246988,12208,1.449275,678.222222,58975.84541,73542.16868,0,0,0,0,3,1
2025-04-16,11_Q7_Hon hop,Messages,173,182,1.052023,15220,0.549451,895.294118,83626.37363,87976.87861,0,0,0,0,1,0
2025-04-16,10_HEAD_Lan Ho diep,Messages,123,125,1.01626,9513,0,2378.25,76104,77341.46342,0,0,0,0,0,0
2025-04-16,05_HEAD_Thiet ke,Messages,91,93,1.021978,10144,0,10144,109075.2688,111472.5275,0,0,0,0,0,0
2025-04-15,01_HEAD_Embrace of Tana,Messages,0,0,0,0,0,0,0,0,0,0,0,0,0,1
2025-04-15,04_HEAD_Breezy,Messages,676,737,1.090237,43296,1.356852,577.28,58746.26866,64047.33728,0,0,0,1,10,1
2025-04-15,04_HEAD_Breezy,Messages,247,261,1.05668,9345,0,519.166667,35804.5977,37834.0081,0,0,0,0,0,1
2025-04-15,10_HEAD_Lan Ho diep,Messages,0,0,0,0,0,0,0,0,0,0,0,0,0,1
2025-04-15,05_HEAD_Thiet ke,Messages,1230,1432,1.164228,92181,0.698324,1001.967391,64372.2067,74943.90244,0,0,0,0,10,3
2025-04-15,11_Q2_Hon hop,Messages,1629,1757,1.078576,111416,2.333523,557.08,63412.63517,68395.33456,0,0,0,1,41,7
2025-04-15,07_HEAD_Hoa cat canh,Engagement,310,501,1.616129,49575,0.798403,1180.357143,98952.09581,159919.3548,0,0,0,0,4,1
2025-04-15,04_HEAD_Breezy,Messages,405,439,1.083951,18309,0.22779,678.111111,41706.15034,45207.40741,0,0,0,0,1,2
2025-04-15,07_Q2_Hoa cat canh,Engagement,158,161,1.018987,17880,0.621118,2554.285714,111055.9006,113164.557,0,0,0,0,1,0
2025-04-15,04_HEAD_Breezy,Messages,1093,1203,1.10064,40812,0.74813,497.707317,33925.18703,37339.43275,0,0,0,2,9,0
2025-04-15,01_HEAD_Embrace of Tana,Messages,257,277,1.077821,9558,0.361011,531,34505.41516,37190.66148,0,0,0,0,1,1
2025-04-15,10_HEAD_Lan Ho diep,Messages,201,206,1.024876,74433,0.970874,9304.125,361325.2427,370313.4328,0,0,0,0,2,0
2025-04-15,11_Q2_Hon hop,Messages,31,35,1.129032,9166,8.571429,916.6,261885.7143,295677.4194,0,0,0,0,3,0
2025-04-15,07_Q7_Hoa cat canh,Engagement,790,989,1.251899,70546,0.303337,775.230769,71330.63701,89298.73418,0,0,0,0,3,0
2025-04-15,04_HEAD_Breezy,Messages,420,448,1.066667,13904,1.339286,479.448276,31035.71429,33104.76191,0,0,0,2,6,0
2025-04-15,07_Q2_Hoa cat canh,Engagement,606,803,1.325083,80695,0.747198,831.907216,100491.9054,133160.066,0,0,0,0,6,0
2025-04-15,01_HEAD_Embrace of Tana,Messages,0,0,0,0,0,0,0,0,0,0,0,0,0,1
2025-04-15,07_HEAD_Hoa cat canh,Engagement,620,759,1.224194,52116,0.922266,789.636364,68664.03162,84058.06452,0,0,0,0,7,2
2025-04-15,01_HEAD_Embrace of Tana,Messages,370,371,1.002703,28054,1.078167,1001.928571,75617.25067,75821.62162,0,0,0,1,4,0
2025-04-15,07_HEAD_Hoa cat canh,Engagement,0,0,0,0,0,0,0,0,0,0,0,0,0,1
2025-04-15,11_Q7_Hon hop,Messages,78,101,1.294872,14527,2.970297,1210.583333,143831.6832,186243.5897,0,0,0,0,3,1
2025-04-15,05_HEAD_Thiet ke,Messages,0,0,0,0,0,0,0,0,0,0,0,0,0,1
2025-04-15,07_HEAD_Hoa cat canh,Engagement,154,209,1.357143,26754,0,1783.6,128009.5694,173727.2727,0,0,0,0,0,0
2025-04-15,07_HEAD_Hoa cat canh,Engagement,1292,1581,1.223684,85276,0.442758,947.511111,53938.01392,66003.09598,0,0,0,0,7,3
2025-04-15,BR_HTM_Tuong tac,Engagement,647,716,1.106646,24490,1.256983,252.474227,34203.91062,37851.62288,0,0,0,0,9,0
2025-04-15,10_HEAD_Lan Ho diep,Messages,0,0,0,0,0,0,0,0,0,0,0,0,0,1
2025-04-15,BR_HTM_Tuong tac,Engagement,857,1093,1.275379,29469,1.555352,155.920635,26961.57365,34386.23104,0,0,0,1,17,0
2025-04-15,01_HEAD_Embrace of Tana,Messages,934,1131,1.210921,72619,0.530504,1022.802817,64207.78073,77750.53533,0,0,0,0,6,3
2025-04-15,07_Q7_Hoa cat canh,Engagement,98,103,1.05102,8528,0.970874,710.666667,82796.11651,87020.40816,0,0,0,0,1,0
2025-04-15,07_HEAD_Hoa cat canh,Engagement,1198,1424,1.188648,66574,0.561798,559.445378,46751.40449,55570.95159,0,0,0,0,8,2
2025-04-15,07_HEAD_Hoa cat canh,Engagement,0,0,0,0,0,0,0,0,0,0,0,0,0,1
2025-04-15,05_HEAD_Thiet ke,Messages,150,181,1.206667,7265,0,2421.666667,40138.12155,48433.33333,0,0,0,0,0,0
2025-04-15,10_HEAD_Lan Ho diep,Messages,1091,1286,1.178735,118157,0.699844,1514.833333,91879.47123,108301.5582,0,0,0,1,9,5
2025-04-15,05_HEAD_Thiet ke,Messages,411,452,1.099757,21392,0,1528,47327.43363,52048.6618,0,0,0,0,0,0
2025-04-15,07_HEAD_Hoa cat canh,Engagement,0,0,0,0,0,0,0,0,0,0,0,0,0,1
2025-04-15,07_HEAD_Hoa cat canh,Engagement,751,906,1.206391,37416,0.220751,831.466667,41298.01325,49821.57124,0,0,0,0,2,2
2025-04-15,10_HEAD_Lan Ho diep,Messages,478,548,1.146444,42028,0.364964,977.395349,76693.43066,87924.68619,0,0,0,0,2,1
2025-04-15,08_HEAD_Daily Flower,Messages,211,266,1.260664,29790,1.503759,1295.217391,111992.4812,141184.8341,0,0,0,1,4,1
2025-04-15,08_HEAD_Daily Flower,Messages,790,876,1.108861,50949,1.027397,707.625,58160.9589,64492.40506,0,0,0,0,9,2
2025-04-15,BR_Mokar_Tuong tac,Engagement,1002,1105,1.102794,24252,0.723982,226.654206,21947.51131,24203.59281,0,0,0,0,8,1
2025-04-15,05_HEAD_Thiet ke,Messages,192,194,1.010417,20270,0,4054,104484.5361,105572.9167,0,0,0,0,0,0
2025-04-15,01_HEAD_Embrace of Tana,Messages,49,58,1.183673,5161,0,1290.25,88982.75862,105326.5306,0,0,0,0,0,0
2025-04-15,11_Q7_Hon hop,Messages,4206,4574,1.087494,195218,2.011369,445.703196,42679.93004,46414.17023,0,0,0,7,92,16
2025-04-15,07_HEAD_Hoa cat canh,Engagement,519,619,1.192678,51319,0.646204,916.410714,82906.30049,98880.5395,0,0,0,0,4,2
2025-04-15,11_Q2_Hon hop,Messages,759,833,1.097497,65726,0.60024,773.247059,78902.7611,86595.52042,0,0,0,0,5,3
2025-04-15,07_HEAD_Hoa cat canh,Engagement,133,141,1.06015,12590,0,1259,89290.78014,94661.65414,0,0,0,0,0,0
2025-04-15,10_HEAD_Lan Ho diep,Messages,43,48,1.116279,6213,0,1035.5,129437.5,144488.3721,0,0,0,0,0,0
2025-04-15,10_HEAD_Lan Ho diep,Messages,312,354,1.134615,29392,1.412429,918.5,83028.24859,94205.12821,0,0,0,0,5,0
2025-04-15,10_HEAD_Lan Ho diep,Messages,216,221,1.023148,21455,0.904977,1021.666667,97081.44796,99328.7037,0,0,0,0,2,0
2025-04-15,10_HEAD_Lan Ho diep,Messages,186,205,1.102151,12146,1.95122,674.777778,59248.78049,65301.07527,0,0,0,0,4,2
2025-04-15,05_HEAD_Thiet ke,Messages,662,786,1.187311,43437,0.381679,1357.40625,55263.35878,65614.80363,0,0,0,0,3,2
2025-04-15,05_HEAD_Thiet ke,Messages,140,152,1.085714,10424,1.315789,694.933333,68578.94737,74457.14286,0,0,0,0,2,1
2025-04-15,05_HEAD_Thiet ke,Messages,26,27,1.038462,1843,0,921.5,68259.25926,70884.61539,0,0,0,0,0,0
2025-04-15,05_HEAD_Thiet ke,Messages,9,9,1,255,0,0,28333.33333,28333.33333,0,0,0,0,0,0
2025-04-14,05_HEAD_Thiet ke,Messages,142,145,1.021127,15405,0.689655,1400.454545,106241.3793,108485.9155,0,0,0,0,1,1
2025-04-14,01_HEAD_Embrace of Tana,Messages,461,469,1.017354,15117,0.426439,503.9,32232.40938,32791.75705,0,0,0,0,2,1
2025-04-14,10_HEAD_Lan Ho diep,Messages,332,345,1.039157,27620,0.289855,890.967742,80057.97101,83192.77108,0,0,0,1,1,1
2025-04-14,01_HEAD_Embrace of Tana,Messages,289,301,1.041522,16207,0,1080.466667,53843.85382,56079.58478,0,0,0,0,0,1
2025-04-14,04_HEAD_Breezy,Messages,354,378,1.067797,29471,1.058201,1052.535714,77965.60847,83251.41243,0,0,0,0,4,1
2025-04-14,11_Q7_Hon hop,Messages,363,394,1.085399,31100,0,1110.714286,78934.01015,85674.93113,0,0,0,0,0,1
2025-04-14,11_Q2_Hon hop,Messages,2516,2738,1.088235,163344,1.972243,507.279503,59658.14463,64922.09857,0,0,0,6,54,14
2025-04-14,04_HEAD_Breezy,Messages,740,774,1.045946,20482,0.129199,393.884615,26462.5323,27678.37838,0,0,0,1,1,0
2025-04-14,04_HEAD_Breezy,Messages,347,395,1.138329,23470,0.506329,1235.263158,59417.72152,67636.88761,0,0,0,0,2,1
2025-04-14,05_HEAD_Thiet ke,Messages,1854,2277,1.228155,148576,0.746596,917.135802,65250.76856,80138.07983,0,0,0,0,17,7
2025-04-14,04_HEAD_Breezy,Messages,1805,1981,1.097507,57823,1.615346,330.417143,29188.79354,32034.90305,0,0,0,3,32,5
2025-04-14,05_HEAD_Thiet ke,Messages,68,69,1.014706,10411,1.449275,2082.2,150884.058,153102.9412,0,0,0,0,1,0
2025-04-14,07_Q7_Hoa cat canh,Engagement,922,1083,1.17462,83018,0.277008,619.537313,76655.58633,90041.21475,0,0,0,0,3,2
2025-04-14,07_HEAD_Hoa cat canh,Engagement,920,1163,1.26413,71180,0.257954,665.233645,61203.78332,77369.56522,0,0,0,0,3,5
2025-04-14,07_HEAD_Hoa cat canh,Engagement,0,0,0,0,0,0,0,0,0,0,0,0,0,1
2025-04-14,07_Q2_Hoa cat canh,Engagement,158,163,1.031646,11238,0.613497,702.375,68944.78528,71126.58228,0,0,0,0,1,0
2025-04-14,07_Q2_Hoa cat canh,Engagement,605,788,1.302479,71885,1.522843,536.455224,91224.61929,118818.1818,0,0,0,0,12,2
2025-04-14,01_HEAD_Embrace of Tana,Messages,746,832,1.115282,33282,0.721154,693.375,40002.40385,44613.94102,0,0,0,1,6,2
2025-04-14,07_HEAD_Hoa cat canh,Engagement,197,231,1.172589,17320,0.4329,1332.307692,74978.35498,87918.78173,0,0,0,0,1,0
2025-04-14,11_Q2_Hon hop,Messages,26,32,1.230769,9287,3.125,2321.75,290218.75,357192.3077,0,0,0,0,1,0
2025-04-14,07_HEAD_Hoa cat canh,Engagement,676,812,1.201183,54396,0.123153,836.861538,66990.14778,80467.45562,0,0,0,0,1,3
2025-04-14,04_HEAD_Breezy,Messages,1483,1569,1.057991,41276,0.956023,389.396226,26307.20204,27832.77141,0,0,0,2,15,2
2025-04-14,10_HEAD_Lan Ho diep,Messages,160,164,1.025,17814,0.609756,1619.454545,108621.9512,111337.5,0,0,0,0,1,1
2025-04-14,11_Q7_Hon hop,Messages,525,548,1.04381,34641,3.284672,474.534247,63213.50365,65982.85714,0,0,0,0,18,1
2025-04-14,07_Q2_Hoa cat canh,Engagement,44,44,1,6473,0,1618.25,147113.6364,147113.6364,0,0,0,0,0,0
2025-04-14,11_Q7_Hon hop,Messages,77,84,1.090909,11661,1.190476,2332.2,138821.4286,151441.5584,0,0,0,0,1,0
2025-04-14,07_Q7_Hoa cat canh,Engagement,121,128,1.057851,11280,1.5625,490.434783,88125,93223.1405,0,0,0,0,2,1
2025-04-14,07_HEAD_Hoa cat canh,Engagement,984,1239,1.259146,96627,0.484262,639.913907,77987.89346,98198.17073,0,0,0,0,6,1
2025-04-14,01_HEAD_Embrace of Tana,Messages,349,358,1.025788,29329,0.27933,1629.388889,81924.58101,84037.24928,0,0,0,0,1,0
2025-04-14,BR_HTM_Tuong tac,Engagement,652,695,1.065951,24304,1.870504,240.633663,34969.78417,37276.07362,0,0,0,0,13,0
2025-04-14,07_HEAD_Hoa cat canh,Engagement,228,246,1.078947,15581,0.406504,537.275862,63337.39837,68337.7193,0,0,0,0,1,0
2025-04-14,BR_HTM_Tuong tac,Engagement,796,995,1.25,29267,3.115578,128.929515,29414.07035,36767.58794,0,0,0,0,31,0
2025-04-14,07_HEAD_Hoa cat canh,Engagement,651,746,1.145929,33602,0.938338,448.026667,45042.89544,51615.97542,0,0,0,0,7,2
2025-04-14,07_Q7_Hoa cat canh,Engagement,171,190,1.111111,14401,0,800.055556,75794.73684,84216.37427,0,0,0,0,0,0
2025-04-14,05_HEAD_Thiet ke,Messages,81,101,1.246914,3814,0,3814,37762.37624,47086.41975,0,0,0,0,0,0
2025-04-14,07_HEAD_Hoa cat canh,Engagement,0,0,0,0,0,0,0,0,0,0,0,0,0,1
2025-04-14,05_HEAD_Thiet ke,Messages,1558,1852,1.188703,94039,0.37797,1175.4875,50776.99784,60358.79333,0,0,0,0,7,5
2025-04-14,10_HEAD_Lan Ho diep,Messages,914,1048,1.146608,79882,0.477099,665.683333,76223.28244,87398.24945,0,0,0,0,5,2
2025-04-14,10_HEAD_Lan Ho diep,Messages,179,187,1.044693,15973,0,665.541667,85417.1123,89234.63687,0,0,0,0,0,0
2025-04-14,08_HEAD_Daily Flower,Messages,1069,1229,1.149673,60849,1.220504,548.189189,49510.98454,56921.42189,0,0,0,0,15,4
2025-04-14,07_HEAD_Hoa cat canh,Engagement,576,685,1.189236,36829,0.437956,497.689189,53764.9635,63939.23611,0,0,0,1,3,0
2025-04-14,11_Q7_Hon hop,Messages,3464,3797,1.096132,131544,1.711878,357.456522,34644.19278,37974.59584,0,0,0,5,65,17
2025-04-14,07_HEAD_Hoa cat canh,Engagement,573,694,1.211169,32134,0.432277,472.558824,46302.59366,56080.27923,0,0,0,0,3,2
2025-04-14,10_HEAD_Lan Ho diep,Messages,133,153,1.150376,11998,0,749.875,78418.30065,90210.52632,0,0,0,0,0,0
2025-04-14,10_HEAD_Lan Ho diep,Messages,163,184,1.128834,18377,1.086957,799,99875,112742.3313,0,0,0,0,2,1
2025-04-14,10_HEAD_Lan Ho diep,Messages,141,157,1.113475,12327,1.273885,880.5,78515.92357,87425.53192,0,0,0,0,2,0
2025-04-14,10_HEAD_Lan Ho diep,Messages,432,506,1.171296,39850,1.185771,577.536232,78754.94071,92245.37037,0,0,0,0,6,1
2025-04-14,10_HEAD_Lan Ho diep,Messages,428,453,1.058411,48995,0.662252,1139.418605,108156.7329,114474.2991,0,0,0,0,3,0
2025-04-14,08_HEAD_Daily Flower,Messages,222,253,1.13964,26215,0.790514,1542.058824,103616.6008,118085.5856,0,0,0,0,2,0
2025-04-14,BR_Mokar_Tuong tac,Engagement,510,517,1.013725,8244,0.580271,158.538462,15945.84139,16164.70588,0,0,0,0,3,0
2025-04-14,BR_Mokar_Tuong tac,Engagement,464,530,1.142241,16333,0.754717,204.1625,30816.98113,35200.43103,0,0,0,0,4,0
2025-04-14,07_HEAD_Hoa cat canh,Engagement,268,289,1.078358,22001,0.346021,758.655172,76128.02768,82093.28358,0,0,0,0,1,3
2025-04-14,01_HEAD_Embrace of Tana,Messages,48,50,1.041667,6343,0,3171.5,126860,132145.8333,0,0,0,0,0,0
2025-04-14,10_HEAD_Lan Ho diep,Messages,247,261,1.05668,20068,1.149425,716.714286,76888.88889,81246.96356,0,0,0,0,3,1
2025-04-14,01_HEAD_Embrace of Tana,Messages,73,79,1.082192,5940,3.797468,594,75189.87342,81369.86301,0,0,0,0,3,0
2025-04-14,07_HEAD_Hoa cat canh,Engagement,87,93,1.068966,5477,0,684.625,58892.47312,62954.02299,0,0,0,0,0,1
2025-04-14,07_HEAD_Hoa cat canh,Engagement,370,403,1.089189,25217,0.992556,560.377778,62573.20099,68154.05405,0,0,0,0,4,0
2025-04-14,07_HEAD_Hoa cat canh,Engagement,943,1022,1.083775,59803,0.684932,650.032609,58515.65558,63417.81548,0,0,0,0,7,2
2025-04-13,04_HEAD_Breezy,Messages,288,294,1.020833,18971,1.360544,758.84,64527.21088,65871.52778,0,0,0,0,4,0
2025-04-13,05_HEAD_Thiet ke,Messages,341,355,1.041056,48013,0.28169,1000.270833,135247.8873,140800.5865,0,0,0,2,1,1
2025-04-13,11_Q2_Hon hop,Messages,1534,1641,1.069752,132519,3.656307,536.51417,80755.02742,86387.87484,0,0,0,3,60,12
2025-04-13,05_HEAD_Thiet ke,Messages,131,132,1.007634,14340,0.757576,1103.076923,108636.3636,109465.6489,0,0,0,1,1,0
2025-04-13,04_HEAD_Breezy,Messages,164,173,1.054878,9148,2.312139,762.333333,52878.61272,55780.48781,0,0,0,1,4,3
2025-04-13,05_HEAD_Thiet ke,Messages,22,22,1,559,0,559,25409.09091,25409.09091,0,0,0,0,0,0
2025-04-13,04_HEAD_Breezy,Messages,1045,1089,1.042105,40914,1.37741,454.6,37570.24793,39152.15311,0,0,0,0,15,2
2025-04-13,01_HEAD_Embrace of Tana,Messages,467,474,1.014989,28056,0.21097,1402.8,59189.87342,60077.08779,0,0,0,0,1,1
2025-04-13,07_HEAD_Hoa cat canh,Engagement,341,399,1.170088,33821,0.501253,1024.878788,84764.41103,99181.81818,0,0,0,0,2,0
2025-04-13,01_HEAD_Embrace of Tana,Messages,142,150,1.056338,12313,2,879.5,82086.66667,86711.26761,0,0,0,0,3,1
2025-04-13,07_HEAD_Hoa cat canh,Engagement,0,0,0,0,0,0,0,0,0,0,0,0,0,1
2025-04-13,05_HEAD_Thiet ke,Messages,303,326,1.075908,12336,1.226994,725.647059,37840.4908,40712.87129,0,0,0,1,4,0
2025-04-13,07_HEAD_Hoa cat canh,Engagement,127,153,1.204724,15439,0.653595,1403.545455,100908.4967,121566.9291,0,0,0,0,1,0
2025-04-13,05_HEAD_Thiet ke,Messages,125,129,1.032,15311,0,3062.2,118689.9225,122488,0,0,0,0,0,0
2025-04-13,05_HEAD_Thiet ke,Messages,0,0,0,0,0,0,0,0,0,0,0,0,0,1
2025-04-13,11_Q7_Hon hop,Messages,348,368,1.057471,27487,0.815217,981.678571,74692.93478,78985.63218,0,0,0,0,3,1
2025-04-13,07_HEAD_Hoa cat canh,Engagement,382,477,1.248691,47648,0.209644,1082.909091,99890.98533,124732.9843,0,0,0,0,1,0
2025-04-13,04_HEAD_Breezy,Messages,738,827,1.120596,34928,0.604595,537.353846,42234.58283,47327.91328,0,0,0,1,5,1
2025-04-13,10_HEAD_Lan Ho diep,Messages,1004,1099,1.094622,100902,0.272975,1215.686747,91812.55687,100500,0,0,0,1,3,3
2025-04-13,05_HEAD_Thiet ke,Messages,1116,1311,1.174731,103086,0.839054,818.142857,78631.57895,92370.96774,0,0,0,1,11,6
2025-04-13,07_Q2_Hoa cat canh,Engagement,345,395,1.144928,41993,1.012658,954.386364,106311.3924,121718.8406,0,0,0,0,4,2
2025-04-13,05_HEAD_Thiet ke,Messages,20,20,1,2628,0,876,131400,131400,0,0,0,0,0,0
2025-04-13,07_Q7_Hoa cat canh,Engagement,494,572,1.157895,40781,0.524476,799.627451,71295.45455,82552.63158,0,0,0,0,3,0
2025-04-13,05_HEAD_Thiet ke,Messages,0,0,0,0,0,0,0,0,0,0,0,0,0,1
2025-04-13,01_HEAD_Embrace of Tana,Messages,40,41,1.025,2066,2.439024,688.666667,50390.2439,51650,0,0,0,0,1,0
2025-04-13,07_HEAD_Hoa cat canh,Engagement,608,798,1.3125,81101,0.37594,1329.52459,101630.3258,133389.8026,0,0,0,0,3,0
2025-04-13,07_HEAD_Hoa cat canh,Engagement,308,346,1.123377,20217,1.156069,612.636364,58430.63584,65639.61039,0,0,0,0,4,0
2025-04-13,07_Q2_Hoa cat canh,Engagement,475,582,1.225263,66664,0.859107,925.888889,114542.9553,140345.2632,0,0,0,0,5,0
2025-04-13,07_HEAD_Hoa cat canh,Engagement,488,550,1.127049,34979,0.545455,945.378378,63598.18182,71678.27869,0,0,0,1,3,1
2025-04-13,01_HEAD_Embrace of Tana,Messages,1665,1908,1.145946,93668,1.100629,814.504348,49092.24319,56257.05706,0,0,0,3,21,6
2025-04-13,05_HEAD_Thiet ke,Messages,26,30,1.153846,3080,0,0,102666.6667,118461.5385,0,0,0,0,0,0
2025-04-13,11_Q2_Hon hop,Messages,21,28,1.333333,4223,3.571429,1055.75,150821.4286,201095.2381,0,0,0,0,1,0
2025-04-13,05_HEAD_Thiet ke,Messages,493,544,1.103448,31524,0,1659.157895,57948.52941,63943.20487,0,0,0,0,0,0
2025-04-13,04_HEAD_Breezy,Messages,2042,2245,1.099412,72314,1.158129,520.244604,32211.13586,35413.32027,0,0,0,2,26,5
2025-04-13,05_HEAD_Thiet ke,Messages,93,95,1.021505,8551,0,2850.333333,90010.52632,91946.23656,0,0,0,0,0,0
2025-04-13,01_HEAD_Embrace of Tana,Messages,400,428,1.07,17879,0.46729,893.95,41773.36449,44697.5,0,0,0,0,2,1
2025-04-13,10_HEAD_Lan Ho diep,Messages,18,18,1,1060,5.555556,265,58888.88889,58888.88889,0,0,0,0,1,0
2025-04-13,01_HEAD_Embrace of Tana,Messages,0,0,0,0,0,0,0,0,0,0,0,0,0,1
2025-04-13,07_HEAD_Hoa cat canh,Engagement,221,236,1.067873,12649,0.847458,421.633333,53597.45763,57235.29412,0,0,0,0,2,1
2025-04-13,07_HEAD_Hoa cat canh,Engagement,997,1279,1.282849,106340,0.39093,770.57971,83143.08053,106659.9799,0,0,0,0,5,5
2025-04-13,07_HEAD_Hoa cat canh,Engagement,119,124,1.042017,7201,0.806452,480.066667,58072.58065,60512.60504,0,0,0,1,1,1
2025-04-13,BR_HTM_Tuong tac,Engagement,953,1011,1.06086,25478,0.296736,446.982456,25200.7913,26734.52256,0,0,0,0,3,0
2025-04-13,BR_HTM_Tuong tac,Engagement,904,1078,1.192478,30539,2.411874,132.203463,28329.31354,33782.07965,0,0,0,0,26,0
2025-04-13,07_Q7_Hoa cat canh,Engagement,470,600,1.276596,52061,0.5,694.146667,86768.33333,110768.0851,0,0,0,0,3,0
2025-04-13,10_HEAD_Lan Ho diep,Messages,408,430,1.053922,32428,0.930233,1201.037037,75413.95349,79480.39216,0,0,0,0,4,0
2025-04-13,04_HEAD_Breezy,Messages,153,157,1.026144,25346,0.636943,1949.692308,161439.4904,165660.1307,0,0,0,0,1,0
2025-04-13,08_HEAD_Daily Flower,Messages,1094,1285,1.174589,81331,0.544747,829.908163,63292.607,74342.77879,0,0,0,0,7,5
2025-04-13,11_Q7_Hon hop,Messages,1807,1965,1.087438,91520,1.933842,459.899497,46575.06361,50647.48201,0,0,0,3,38,8
2025-04-13,10_HEAD_Lan Ho diep,Messages,701,823,1.174037,78254,0.850547,1086.861111,95083.83961,111631.9544,0,0,0,0,7,6
2025-04-13,10_HEAD_Lan Ho diep,Messages,206,214,1.038835,17519,0,1030.529412,81864.48598,85043.68932,0,0,0,0,0,0
2025-04-13,BR_Mokar_Tuong tac,Engagement,1646,1714,1.041312,25432,0.408401,173.006803,14837.8063,15450.78979,0,0,0,0,7,1
2025-04-13,11_Q2_Hon hop,Messages,198,221,1.116162,19087,0.452489,954.35,86366.51584,96398.9899,0,0,0,0,1,0
2025-04-13,07_HEAD_Hoa cat canh,Engagement,213,236,1.107981,15142,0,504.733333,64161.01695,71089.20188,0,0,0,3,0,1
2025-04-13,10_HEAD_Lan Ho diep,Messages,101,104,1.029703,9589,0,1198.625,92201.92308,94940.59406,0,0,0,0,0,0
2025-04-13,07_HEAD_Hoa cat canh,Engagement,509,622,1.222004,40522,0.96463,675.366667,65147.90997,79611.00197,0,0,0,0,6,3
2025-04-12,11_Q7_Hon hop,Messages,0,0,0,0,0,0,0,0,0,0,0,0,0,0
2025-04-12,01_HEAD_Embrace of Tana,Messages,587,602,1.025554,27129,0.498339,1427.842105,45064.78405,46216.35434,0,0,0,0,3,0
2025-04-12,04_HEAD_Breezy,Messages,277,285,1.028881,26927,1.403509,1077.08,94480.70175,97209.38628,0,0,0,0,4,1
2025-04-12,01_HEAD_Embrace of Tana,Messages,748,776,1.037433,37281,0.515464,1331.464286,48042.52577,49840.90909,0,0,0,2,4,1
2025-04-12,11_Q2_Hon hop,Messages,835,862,1.032335,79892,2.088167,713.321429,92682.13457,95679.04192,0,0,0,2,18,6
2025-04-12,05_HEAD_Thiet ke,Messages,1215,1452,1.195062,66005,0.964187,666.717172,45457.98898,54325.10288,0,0,0,0,14,0
2025-04-12,07_HEAD_Hoa cat canh,Engagement,545,583,1.069725,35532,0.343053,807.545455,60946.82676,65196.33028,0,0,0,0,2,1
2025-04-12,05_HEAD_Thiet ke,Messages,244,273,1.118852,46682,1.098901,1167.05,170996.337,191319.6721,0,0,0,0,3,1
2025-04-12,07_HEAD_Hoa cat canh,Engagement,724,866,1.196133,50106,0.577367,686.383562,57859.1224,69207.18232,0,0,0,1,5,2
2025-04-12,11_Q7_Hon hop,Messages,1100,1260,1.145455,88151,0.31746,890.414141,69961.11111,80137.27273,0,0,0,0,4,4
2025-04-12,07_HEAD_Hoa cat canh,Engagement,154,173,1.123377,9170,1.156069,316.206897,53005.78035,59545.45455,0,0,0,0,2,0
2025-04-12,04_HEAD_Breezy,Messages,378,430,1.137566,26439,0.232558,979.222222,61486.04651,69944.44444,0,0,0,0,1,1
2025-04-12,07_HEAD_Hoa cat canh,Engagement,411,486,1.182482,36178,0.411523,1004.944444,74440.32922,88024.3309,0,0,0,0,2,1
2025-04-12,05_HEAD_Thiet ke,Messages,519,593,1.142582,54081,0.505902,1040.019231,91198.9882,104202.3121,0,0,0,0,3,3
2025-04-12,05_HEAD_Thiet ke,Messages,0,0,0,0,0,0,0,0,0,0,0,0,0,1
2025-04-12,10_HEAD_Lan Ho diep,Messages,652,696,1.067485,60974,0.862069,1195.568627,87606.32184,93518.40491,0,0,0,0,6,2
2025-04-12,07_HEAD_Hoa cat canh,Engagement,102,110,1.078431,9664,0.909091,743.384615,87854.54546,94745.09804,0,0,0,0,1,1
2025-04-12,07_HEAD_Hoa cat canh,Engagement,342,357,1.04386,28238,0.560224,641.772727,79098.03922,82567.25146,0,0,0,0,2,1
2025-04-12,10_HEAD_Lan Ho diep,Messages,1781,1907,1.070747,143659,0.629261,997.631944,75332.45936,80661.98765,0,0,0,3,12,10
2025-04-12,07_HEAD_Hoa cat canh,Engagement,0,0,0,0,0,0,0,0,0,0,0,0,0,1
2025-04-12,07_Q2_Hoa cat canh,Engagement,293,321,1.095563,30062,0.311526,1307.043478,93651.09034,102600.6826,0,0,0,0,1,0
2025-04-12,07_HEAD_Hoa cat canh,Engagement,1352,1785,1.320266,149218,0.392157,968.948052,83595.51821,110368.3432,0,0,0,1,7,3
2025-04-12,07_Q7_Hoa cat canh,Engagement,431,491,1.139211,28992,1.221996,707.121951,59046.84318,67266.82135,0,0,0,0,6,1
2025-04-12,07_Q2_Hoa cat canh,Engagement,357,460,1.288515,49707,1.086957,828.45,108058.6957,139235.2941,0,0,0,0,5,0
2025-04-12,11_Q2_Hon hop,Messages,10,14,1.4,1405,0,0,100357.1429,140500,0,0,0,0,0,0
2025-04-12,04_HEAD_Breezy,Messages,500,571,1.142,24520,0.350263,1114.545455,42942.20666,49040,0,0,0,0,2,1
2025-04-12,04_HEAD_Breezy,Messages,671,717,1.068554,27069,1.25523,429.666667,37753.13808,40341.28167,0,0,0,0,9,1
2025-04-12,01_HEAD_Embrace of Tana,Messages,2412,2798,1.160033,93326,0.357398,657.225352,33354.53896,38692.37148,0,0,0,3,10,7
2025-04-12,01_HEAD_Embrace of Tana,Messages,533,589,1.105066,33259,1.018676,923.861111,56466.89304,62399.62477,0,0,0,0,6,1
2025-04-12,05_HEAD_Thiet ke,Messages,0,0,0,0,0,0,0,0,0,0,0,0,0,1
2025-04-12,11_Q7_Hon hop,Messages,93,111,1.193548,12826,1.801802,1603.25,115549.5496,137913.9785,0,0,0,0,2,0
2025-04-12,07_HEAD_Hoa cat canh,Engagement,1060,1492,1.407547,127022,0.536193,858.256757,85135.38874,119832.0755,0,0,0,0,8,4
2025-04-12,BR_HTM_Tuong tac,Engagement,880,940,1.068182,25674,0.744681,333.428571,27312.76596,29175,0,0,0,0,7,1
2025-04-12,BR_HTM_Tuong tac,Engagement,872,1047,1.200688,30432,2.387775,147.014493,29065.90258,34899.08257,0,0,0,0,25,1
2025-04-12,07_Q7_Hoa cat canh,Engagement,518,637,1.22973,51382,0.784929,842.327869,80662.48038,99193.05019,0,0,0,0,5,0
2025-04-12,10_HEAD_Lan Ho diep,Messages,1005,1105,1.099502,89857,0.542986,872.398058,81318.55204,89409.95025,0,0,0,4,6,3
2025-04-12,08_HEAD_Daily Flower,Messages,935,1107,1.183957,60903,0.813008,733.771084,55016.26016,65136.8984,0,0,0,0,9,0
2025-04-12,11_Q7_Hon hop,Messages,2697,2924,1.084168,133118,1.504788,564.059322,45525.99179,49357.80497,0,0,0,3,44,11
2025-04-12,10_HEAD_Lan Ho diep,Messages,215,225,1.046512,13715,0.444444,685.75,60955.55556,63790.69767,0,0,0,1,1,0
2025-04-12,10_HEAD_Lan Ho diep,Messages,181,187,1.033149,13407,0.534759,705.631579,71695.18717,74071.8232,0,0,0,0,1,0
2025-04-12,10_HEAD_Lan Ho diep,Messages,816,878,1.07598,80138,0.341686,1232.892308,91273.34852,98208.33333,0,0,0,0,3,3
2025-04-12,BR_Mokar_Tuong tac,Engagement,1413,1460,1.033263,25378,0.479452,177.468531,17382.19178,17960.36801,0,0,0,1,7,0
2025-04-12,11_Q2_Hon hop,Messages,1049,1240,1.182078,103532,0.322581,1125.347826,83493.54839,98695.90086,0,0,0,0,4,8
2025-04-12,10_HEAD_Lan Ho diep,Messages,300,310,1.033333,19551,0.645161,931,63067.74194,65170,0,0,0,0,2,1
2025-04-12,07_HEAD_Hoa cat canh,Engagement,797,908,1.139272,60569,0.550661,776.525641,66705.94714,75996.23589,0,0,0,3,5,2
2025-04-11,11_Q2_Hon hop,Messages,159,164,1.031447,21138,0,2642.25,128890.2439,132943.3962,0,0,0,0,0,0
2025-04-11,05_HEAD_Thiet ke,Messages,870,1102,1.266667,59602,1.361162,584.333333,54085.29946,68508.04598,0,0,0,0,15,1
2025-04-11,10_HEAD_Lan Ho diep,Messages,238,249,1.046218,25036,0.401606,1788.285714,100546.1847,105193.2773,0,0,0,0,1,1
2025-04-11,05_HEAD_Thiet ke,Messages,746,839,1.124665,128234,0.476758,2035.460317,152841.478,171895.4424,0,0,0,0,4,5
2025-04-11,04_HEAD_Breezy,Messages,302,328,1.086093,26683,0.304878,1778.866667,81350.60976,88354.30464,0,0,0,1,1,1
2025-04-11,11_Q7_Hon hop,Messages,490,529,1.079592,35744,0.189036,1021.257143,67568.99811,72946.93878,0,0,0,0,1,0
2025-04-11,10_HEAD_Lan Ho diep,Messages,98,103,1.05102,9405,0,3135,91310.67961,95969.38776,0,0,0,0,0,0
2025-04-11,05_HEAD_Thiet ke,Messages,554,626,1.129964,58357,1.277955,1042.089286,93222.04473,105337.5451,0,0,0,1,8,4
2025-04-11,04_HEAD_Breezy,Messages,498,558,1.120482,31203,0.716846,1006.548387,55919.35484,62656.62651,0,0,0,1,4,1
2025-04-11,05_HEAD_Thiet ke,Messages,0,0,0,0,0,0,0,0,0,0,0,0,0,1
2025-04-11,04_HEAD_Breezy,Messages,619,667,1.077544,36184,1.649175,709.490196,54248.87556,58455.57351,0,0,0,0,11,1
2025-04-11,07_HEAD_Hoa cat canh,Engagement,874,1221,1.397025,118800,0.2457,1291.304348,97297.2973,135926.7735,0,0,0,0,3,4
2025-04-11,07_HEAD_Hoa cat canh,Engagement,62,69,1.112903,5166,1.449275,344.4,74869.56522,83322.58065,0,0,0,0,1,0
2025-04-11,11_Q2_Hon hop,Messages,192,202,1.052083,38365,0.49505,1826.904762,189925.7426,199817.7083,0,0,0,1,1,1
2025-04-11,07_HEAD_Hoa cat canh,Engagement,434,543,1.251152,53900,0.736648,962.5,99263.35175,124193.5484,0,0,0,1,4,1
2025-04-11,07_Q2_Hoa cat canh,Engagement,440,551,1.252273,51709,0.181488,807.953125,93845.73503,117520.4545,0,0,0,0,1,0
2025-04-11,07_HEAD_Hoa cat canh,Engagement,580,706,1.217241,57934,0.566572,1259.434783,82059.49009,99886.2069,0,0,0,0,4,1
2025-04-11,05_HEAD_Thiet ke,Messages,242,255,1.053719,23624,0.392157,1687.428571,92643.13726,97619.83471,0,0,0,0,1,0
2025-04-11,07_HEAD_Hoa cat canh,Engagement,358,471,1.315642,52938,0.424628,1512.514286,112394.9045,147871.5084,0,0,0,0,2,1
2025-04-11,04_HEAD_Breezy,Messages,749,887,1.184246,35822,0.563698,1085.515152,40385.56934,47826.43525,0,0,0,1,5,2
2025-04-11,05_HEAD_Thiet ke,Messages,339,373,1.100295,31640,0.80429,1977.5,84825.73727,93333.33333,0,0,0,1,3,0
2025-04-11,04_HEAD_Breezy,Messages,296,316,1.067568,11563,0.632911,889.461538,36591.77215,39064.18919,0,0,0,1,2,1
2025-04-11,07_HEAD_Hoa cat canh,Engagement,88,92,1.045455,10334,1.086957,607.882353,112326.087,117431.8182,0,0,0,1,1,1
2025-04-11,04_HEAD_Breezy,Messages,0,0,0,0,0,0,0,0,0,0,0,0,0,1
2025-04-11,01_HEAD_Embrace of Tana,Messages,2869,3366,1.173231,118887,0.534759,720.527273,35319.96435,41438.48031,0,0,0,5,18,9
2025-04-11,01_HEAD_Embrace of Tana,Messages,734,828,1.128065,48810,1.086957,1319.189189,58949.27536,66498.6376,0,0,0,1,9,2
2025-04-11,11_Q7_Hon hop,Messages,1730,1858,1.073988,96983,1.23789,673.493056,52197.52422,56059.53757,0,0,0,0,23,3
2025-04-11,11_Q7_Hon hop,Messages,156,180,1.153846,18737,0.555556,1561.416667,104094.4444,120108.9744,0,0,0,0,1,0
2025-04-11,07_HEAD_Hoa cat canh,Engagement,667,914,1.370315,95362,1.203501,696.072993,104334.7921,142971.5142,0,0,0,0,11,2
2025-04-11,BR_HTM_Tuong tac,Engagement,924,992,1.073593,25996,1.108871,376.753623,26205.64516,28134.19913,0,0,0,0,11,0
2025-04-11,BR_HTM_Tuong tac,Engagement,758,1005,1.325858,30712,3.681592,117.221374,30559.20398,40517.1504,0,0,0,0,37,0
2025-04-11,07_Q7_Hoa cat canh,Engagement,381,508,1.333333,51854,0.19685,1296.35,102074.8032,136099.7375,0,0,0,0,1,0
2025-04-11,10_HEAD_Lan Ho diep,Messages,223,239,1.071749,17024,0,1547.636364,71230.12552,76340.80718,0,0,0,0,0,0
2025-04-11,10_HEAD_Lan Ho diep,Messages,801,857,1.069913,64450,0,1401.086957,75204.2007,80461.9226,0,0,0,0,0,0
2025-04-11,07_Q7_Hoa cat canh,Engagement,0,0,0,0,0,0,0,0,0,0,0,0,0,1
2025-04-11,08_HEAD_Daily Flower,Messages,829,1032,1.244873,64139,0.872093,791.839506,62150.1938,77369.11942,0,0,0,0,9,3
2025-04-11,05_HEAD_Thiet ke,Messages,168,171,1.017857,27817,0,2318.083333,162672.5146,165577.381,0,0,0,0,0,0
2025-04-11,11_Q7_Hon hop,Messages,2384,2563,1.075084,95395,1.287554,529.972222,37220.05462,40014.68121,0,0,0,1,33,11
2025-04-11,10_HEAD_Lan Ho diep,Messages,975,1187,1.217436,97445,0.758214,1094.88764,82093.51306,99943.58974,0,0,0,0,9,5
2025-04-11,10_HEAD_Lan Ho diep,Messages,853,955,1.119578,62993,0.628272,912.942029,65961.25655,73848.76905,0,0,0,1,6,2
2025-04-11,BR_Mokar_Tuong tac,Engagement,1458,1509,1.034979,25881,0.198807,176.061224,17151.09344,17751.02881,0,0,0,2,3,1
2025-04-11,11_Q2_Hon hop,Messages,778,913,1.173522,86429,0.547645,919.457447,94664.84118,111091.2596,0,0,0,0,5,8
2025-04-11,10_HEAD_Lan Ho diep,Messages,319,332,1.040752,24346,0.301205,1058.521739,73331.3253,76319.74922,0,0,0,1,1,2
2025-04-11,07_HEAD_Hoa cat canh,Engagement,0,0,0,0,0,0,0,0,0,0,0,0,0,1
2025-04-10,11_Q7_Hon hop,Messages,385,431,1.119481,38191,0,1527.64,88610.20882,99197.4026,0,0,0,0,0,1
2025-04-10,05_HEAD_Thiet ke,Messages,0,0,0,0,0,0,0,0,0,0,0,0,0,1
2025-04-10,10_HEAD_Lan Ho diep,Messages,782,975,1.246803,86895,0.923077,1128.506494,89123.07692,111118.9258,0,0,0,1,9,4
2025-04-10,07_HEAD_Hoa cat canh,Engagement,740,950,1.283784,102008,0.947368,1259.358025,107376.8421,137848.6486,0,0,0,0,9,3
2025-04-10,04_HEAD_Breezy,Messages,1063,1203,1.131703,51302,1.080632,545.765957,42645.05403,48261.52399,0,0,0,0,13,3
2025-04-10,07_Q2_Hoa cat canh,Engagement,477,592,1.24109,51632,0.844595,1122.434783,87216.21622,108243.1866,0,0,0,0,5,0
2025-04-10,10_HEAD_Lan Ho diep,Messages,433,523,1.207852,38828,1.147228,882.454545,74240.91778,89672.05543,0,0,0,0,6,1
2025-04-10,05_HEAD_Thiet ke,Messages,565,636,1.125664,53967,0.157233,1101.367347,84853.77359,95516.81416,0,0,0,0,1,1
2025-04-10,07_HEAD_Hoa cat canh,Engagement,525,677,1.289524,77181,0.443131,1607.9375,114004.4313,147011.4286,0,0,0,0,3,0
2025-04-10,01_HEAD_Embrace of Tana,Messages,2377,2822,1.187211,85103,0.460666,559.888158,30156.98087,35802.69247,0,0,0,1,13,3
2025-04-10,05_HEAD_Thiet ke,Messages,519,666,1.283237,51938,0.900901,961.814815,77984.98499,100073.2177,0,0,0,0,6,0
2025-04-10,11_Q7_Hon hop,Messages,5262,5692,1.081718,204638,2.266339,326.376396,35951.86226,38889.77575,0,0,0,5,129,20
2025-04-10,11_Q7_Hon hop,Messages,84,102,1.214286,11787,3.921569,1178.7,115558.8235,140321.4286,0,0,0,0,4,1
2025-04-10,07_HEAD_Hoa cat canh,Engagement,929,1293,1.391819,105759,0.928074,801.204545,81793.50348,113841.7653,0,0,0,0,12,2
2025-04-10,BR_HTM_Tuong tac,Engagement,918,972,1.058824,26205,1.234568,363.958333,26959.87654,28545.75163,0,0,0,0,12,0
2025-04-10,BR_HTM_Tuong tac,Engagement,842,1031,1.224466,30993,2.812803,153.430693,30061.10572,36808.7886,0,0,0,0,29,0
2025-04-10,07_Q7_Hoa cat canh,Engagement,396,501,1.265152,49805,0.798403,1277.051282,99411.17765,125770.202,0,0,0,0,4,1
2025-04-10,07_HEAD_Hoa cat canh,Engagement,0,0,0,0,0,0,0,0,0,0,0,0,0,1
2025-04-10,10_HEAD_Lan Ho diep,Messages,499,586,1.174349,35640,0.853242,774.782609,60819.11263,71422.84569,0,0,0,1,5,3
2025-04-10,08_HEAD_Daily Flower,Messages,867,1110,1.280277,62583,0.45045,907,56381.08108,72183.391,0,0,0,0,5,3
2025-04-10,11_Q7_Hon hop,Messages,1345,1429,1.062454,54273,1.819454,399.066176,37979.70609,40351.67286,0,0,0,2,26,5
2025-04-10,BR_Mokar_Tuong tac,Engagement,1531,1592,1.039843,26128,0.565327,140.473118,16412.0603,17065.96995,0,0,0,0,9,0
2025-04-10,11_Q2_Hon hop,Messages,591,700,1.184433,56679,0.571429,776.424658,80970,95903.5533,0,0,0,0,4,4
2025-04-10,07_HEAD_Hoa cat canh,Engagement,0,0,0,0,0,0,0,0,0,0,0,0,0,1
2025-04-09,11_Q7_Hon hop,Messages,810,927,1.144444,91114,0.862999,1001.252747,98289.10464,112486.4198,0,0,0,3,8,6
2025-04-09,11_Q2_Hon hop,Messages,499,583,1.168337,40547,0.343053,1762.913043,69548.88508,81256.51303,0,0,0,0,2,1
2025-04-09,10_HEAD_Lan Ho diep,Messages,421,553,1.313539,57740,1.446655,978.644068,104412.2966,137149.6437,0,0,0,1,8,3
2025-04-09,05_HEAD_Thiet ke,Messages,287,307,1.069686,40072,1.628664,1214.30303,130527.6873,139623.6934,0,0,0,0,5,1
2025-04-09,05_HEAD_Thiet ke,Messages,151,158,1.046358,19987,0.632911,1537.461538,126500,132364.2384,0,0,0,0,1,0
2025-04-09,10_HEAD_Lan Ho diep,Messages,130,135,1.038462,18250,1.481481,1073.529412,135185.1852,140384.6154,0,0,0,0,2,0
2025-04-09,04_HEAD_Breezy,Messages,672,707,1.052083,32035,0.990099,562.017544,45311.17398,47671.13095,0,0,0,1,7,3
2025-04-09,05_HEAD_Thiet ke,Messages,161,175,1.086957,12862,2.857143,676.947368,73497.14286,79888.19876,0,0,0,0,5,1
2025-04-09,10_HEAD_Lan Ho diep,Messages,183,235,1.284153,24234,1.276596,1211.7,103123.4043,132426.2295,0,0,0,1,3,1
2025-04-09,01_HEAD_Embrace of Tana,Messages,181,188,1.038674,7558,0,755.8,40202.12766,41756.90608,0,0,0,0,0,0
2025-04-09,07_HEAD_Hoa cat canh,Engagement,318,353,1.110063,28750,0.283286,991.37931,81444.75921,90408.80503,0,0,0,0,1,0
2025-04-09,04_HEAD_Breezy,Messages,229,239,1.043668,10006,0.41841,769.692308,41866.10879,43694.32314,0,0,0,1,1,0
2025-04-09,05_HEAD_Thiet ke,Messages,284,305,1.073944,17946,0,1631.454545,58839.34426,63190.14085,0,0,0,0,0,0
2025-04-09,05_HEAD_Thiet ke,Messages,96,101,1.052083,9746,0,1392.285714,96495.04951,101520.8333,0,0,0,0,0,1
2025-04-09,05_HEAD_Thiet ke,Messages,13,14,1.076923,381,0,381,27214.28571,29307.69231,0,0,0,0,0,0
2025-04-09,07_HEAD_Hoa cat canh,Engagement,10,11,1.1,243,0,243,22090.90909,24300,0,0,0,0,0,0
2025-04-09,07_HEAD_Hoa cat canh,Engagement,518,560,1.081081,21119,0.178571,570.783784,37712.5,40770.27027,0,0,0,0,1,1
2025-04-09,07_HEAD_Hoa cat canh,Engagement,516,679,1.315891,60771,0.294551,1066.157895,89500.73638,117773.2558,0,0,0,0,2,0
2025-04-09,07_Q2_Hoa cat canh,Engagement,667,817,1.224888,64888,0.734394,821.367089,79422.27662,97283.35832,0,0,0,1,6,1
2025-04-09,05_HEAD_Thiet ke,Messages,969,1140,1.176471,112756,1.315789,924.229508,98908.77193,116363.2611,0,0,0,4,15,11
2025-04-09,04_HEAD_Breezy,Messages,777,825,1.061776,24060,1.090909,422.105263,29163.63636,30965.25097,0,0,0,0,9,0
2025-04-09,01_HEAD_Embrace of Tana,Messages,1661,1963,1.181818,66472,0.305655,588.247788,33862.45543,40019.2655,0,0,0,2,6,4
2025-04-09,01_HEAD_Embrace of Tana,Messages,263,275,1.045627,13695,0.363636,978.214286,49800,52072.24335,0,0,0,0,1,0
2025-04-09,11_Q7_Hon hop,Messages,3697,3988,1.078712,134638,1.705115,366.861035,33760.78235,36418.1769,0,0,0,5,68,10
2025-04-09,05_HEAD_Thiet ke,Messages,126,153,1.214286,20879,0,1491.357143,136464.0523,165706.3492,0,0,0,0,0,0
2025-04-09,11_Q7_Hon hop,Messages,117,143,1.222222,13651,1.398601,1050.076923,95461.53846,116675.2137,0,0,0,0,2,1
2025-04-09,07_HEAD_Hoa cat canh,Engagement,420,587,1.397619,53046,0.511073,964.472727,90367.97274,126300,0,0,0,0,3,1
2025-04-09,BR_HTM_Tuong tac,Engagement,760,802,1.055263,22488,0.623441,321.257143,28039.90025,29589.47368,0,0,0,0,5,2
2025-04-09,BR_HTM_Tuong tac,Engagement,854,1033,1.209602,32334,2.129719,221.465753,31301.06486,37861.8267,0,0,0,0,22,0
2025-04-09,07_Q7_Hoa cat canh,Engagement,483,582,1.204969,60289,1.37457,1057.701754,103589.3471,124821.9462,0,0,0,0,8,1
2025-04-09,07_HEAD_Hoa cat canh,Engagement,538,599,1.113383,46757,0.834725,1062.659091,78058.43072,86908.92193,0,0,0,0,5,0
2025-04-09,07_HEAD_Hoa cat canh,Engagement,342,356,1.040936,18612,0,489.789474,52280.89888,54421.05263,0,0,0,1,0,1
2025-04-09,10_HEAD_Lan Ho diep,Messages,213,241,1.131455,22872,0.414938,2287.2,94904.56432,107380.2817,0,0,0,0,1,1
2025-04-09,10_HEAD_Lan Ho diep,Messages,315,322,1.022222,18473,0.310559,1086.647059,57369.56522,58644.44444,0,0,0,0,1,0
2025-04-09,11_Q7_Hon hop,Messages,13,15,1.153846,2028,0,0,135200,156000,0,0,0,0,0,0
2025-04-09,08_HEAD_Daily Flower,Messages,605,758,1.252893,53518,1.451187,723.216216,70604.22164,88459.50413,0,0,0,0,11,4
2025-04-09,11_Q7_Hon hop,Messages,1964,2100,1.069246,78132,1.380952,476.414634,37205.71429,39782.07739,0,0,0,2,29,4
2025-04-09,10_HEAD_Lan Ho diep,Messages,538,559,1.039033,47144,0.357782,982.166667,84336.31485,87628.25279,0,0,0,0,2,1
2025-04-09,10_HEAD_Lan Ho diep,Messages,203,217,1.068966,22728,0,1420.5,104737.3272,111960.5911,0,0,0,0,0,0
2025-04-09,10_HEAD_Lan Ho diep,Messages,137,146,1.065693,14454,1.369863,1204.5,99000,105503.6496,0,0,0,0,2,1
2025-04-09,10_HEAD_Lan Ho diep,Messages,117,120,1.025641,8538,0.833333,948.666667,71150,72974.35897,0,0,0,1,1,1
2025-04-09,BR_Mokar_Tuong tac,Engagement,1085,1115,1.02765,23493,0.089686,164.286713,21069.95516,21652.53456,0,0,0,0,1,0
2025-04-09,11_Q2_Hon hop,Messages,412,467,1.133495,37202,0,1033.388889,79661.67024,90296.11651,0,0,0,0,0,2
2025-04-09,10_HEAD_Lan Ho diep,Messages,64,69,1.078125,5595,0,1398.75,81086.95652,87421.875,0,0,0,0,0,0
2025-04-09,07_HEAD_Hoa cat canh,Engagement,398,419,1.052764,19936,0.954654,390.901961,47579.95227,50090.45226,0,0,0,0,4,2
2025-04-09,07_HEAD_Hoa cat canh,Engagement,289,311,1.076125,18012,0.321543,818.727273,57916.39871,62325.25952,0,0,0,0,1,1
2025-04-08,04_HEAD_Breezy,Messages,995,1176,1.18191,93768,0.510204,1008.258065,79734.69388,94239.19598,0,0,0,0,6,6
2025-04-08,11_Q2_Hon hop,Messages,1,1,1,1,0,0,1000,1000,0,0,0,0,0,0
2025-04-08,05_HEAD_Thiet ke,Messages,1,1,1,1,0,0,1000,1000,0,0,0,0,0,0
2025-04-08,04_HEAD_Breezy,Messages,201,215,1.069652,13840,1.395349,659.047619,64372.09302,68855.72139,0,0,0,0,3,2
2025-04-08,11_Q2_Hon hop,Messages,0,0,0,0,0,0,0,0,0,0,0,0,0,0
2025-04-08,05_HEAD_Thiet ke,Messages,1,1,1,80,0,0,80000,80000,0,0,0,0,0,0
2025-04-08,01_HEAD_Embrace of Tana,Messages,1166,1278,1.096055,41001,0.391236,683.35,32082.15962,35163.80789,0,0,0,0,5,2
2025-04-08,11_Q7_Hon hop,Messages,540,599,1.109259,41534,0.33389,692.233333,69338.89816,76914.81482,0,0,0,0,2,1
2025-04-08,01_HEAD_Embrace of Tana,Messages,75,75,1,3143,0,1047.666667,41906.66667,41906.66667,0,0,0,0,0,0
2025-04-08,01_HEAD_Embrace of Tana,Messages,246,270,1.097561,23877,0.37037,918.346154,88433.33333,97060.97561,0,0,0,0,1,0
2025-04-08,04_HEAD_Breezy,Messages,511,531,1.039139,17110,0.376648,503.235294,32222.22222,33483.36595,0,0,0,1,2,0
2025-04-08,05_HEAD_Thiet ke,Messages,488,540,1.106557,35321,0.185185,954.621622,65409.25926,72379.09836,0,0,0,2,1,2
2025-04-08,05_HEAD_Thiet ke,Messages,165,181,1.09697,7856,0.552486,654.666667,43403.31492,47612.12121,0,0,0,0,1,0
2025-04-08,07_HEAD_Hoa cat canh,Engagement,24,27,1.125,1990,0,1990,73703.7037,82916.66667,0,0,0,0,0,0
2025-04-08,07_HEAD_Hoa cat canh,Engagement,1564,1773,1.133632,68593,0.564016,457.286667,38687.53525,43857.41688,0,0,0,2,10,3
2025-04-08,07_HEAD_Hoa cat canh,Engagement,281,337,1.199288,35216,1.186944,1304.296296,104498.5163,125323.8434,0,0,0,0,4,2
2025-04-08,07_Q2_Hoa cat canh,Engagement,301,362,1.202658,33433,0.276243,1114.433333,92356.35359,111073.0897,0,0,0,0,1,0
2025-04-08,11_Q2_Hon hop,Messages,591,641,1.084602,64330,2.028081,932.318841,100358.8144,108849.4078,0,0,0,0,13,2
2025-04-08,05_HEAD_Thiet ke,Messages,848,1017,1.199292,109308,0.983284,1012.111111,107480.826,128900.9434,0,0,0,2,10,5
2025-04-08,04_HEAD_Breezy,Messages,371,393,1.059299,15158,0.508906,631.583333,38569.97456,40857.14286,0,0,0,0,2,0
2025-04-08,04_HEAD_Breezy,Messages,1169,1223,1.046193,37917,1.635323,375.415842,31003.27065,32435.41489,0,0,0,1,20,5
2025-04-08,01_HEAD_Embrace of Tana,Messages,345,360,1.043478,22112,0.833333,921.333333,61422.22222,64092.75362,0,0,0,0,3,0
2025-04-08,10_HEAD_Lan Ho diep,Messages,1016,1115,1.097441,105115,1.076233,1020.533981,94273.5426,103459.6457,0,0,0,0,12,3
2025-04-08,11_Q7_Hon hop,Messages,2423,2600,1.07305,101105,1.846154,375.855019,38886.53846,41727.19769,0,0,0,7,48,7
2025-04-08,05_HEAD_Thiet ke,Messages,117,154,1.316239,17048,0,1311.384615,110701.2987,145709.4017,0,0,0,0,0,1
2025-04-08,07_HEAD_Hoa cat canh,Engagement,588,877,1.491497,100601,0.684151,1143.193182,114710.3763,171090.1361,0,0,0,0,6,2
2025-04-08,BR_HTM_Tuong tac,Engagement,756,797,1.054233,24382,1.003764,312.589744,30592.22083,32251.32275,0,0,0,1,8,0
2025-04-08,07_Q2_Hoa cat canh,Engagement,499,548,1.098196,34980,0.729927,672.692308,63832.11679,70100.2004,0,0,0,0,4,2
2025-04-08,BR_HTM_Tuong tac,Engagement,628,872,1.388535,33008,2.637615,171.916667,37853.21101,52560.50955,0,0,0,0,23,1
2025-04-08,07_Q7_Hoa cat canh,Engagement,299,395,1.32107,48906,1.012658,1528.3125,123812.6582,163565.2174,0,0,0,0,4,1
2025-04-08,07_HEAD_Hoa cat canh,Engagement,705,868,1.231206,60431,0.460829,728.084337,69620.96774,85717.7305,0,0,0,1,4,3
2025-04-08,07_HEAD_Hoa cat canh,Engagement,651,732,1.124424,39616,0.956284,466.070588,54120.21858,60854.07066,0,0,0,1,7,1
2025-04-08,07_HEAD_Hoa cat canh,Engagement,977,1098,1.123849,69707,0.364299,606.147826,63485.42805,71348.00409,0,0,0,1,4,2
2025-04-08,10_HEAD_Lan Ho diep,Messages,239,259,1.083682,25310,0,1581.875,97722.00772,105899.5816,0,0,0,0,0,0
2025-04-08,10_HEAD_Lan Ho diep,Messages,1278,1416,1.107981,93798,0.423729,937.98,66241.52542,73394.3662,0,0,0,1,6,5
2025-04-08,04_HEAD_Breezy,Messages,282,298,1.056738,28440,2.013423,646.363636,95436.24161,100851.0638,0,0,0,0,6,0
2025-04-08,11_Q7_Hon hop,Messages,15,19,1.266667,2690,0,2690,141578.9474,179333.3333,0,0,0,0,0,0
2025-04-08,07_Q7_Hoa cat canh,Engagement,489,550,1.124744,45296,0.181818,1078.47619,82356.36364,92629.85685,0,0,0,0,1,2
2025-04-08,08_HEAD_Daily Flower,Messages,576,694,1.204861,59288,0.720461,1317.511111,85429.39481,102930.5556,0,0,0,0,5,1
2025-04-08,05_HEAD_Thiet ke,Messages,374,429,1.147059,43821,0.2331,2738.8125,102146.8531,117168.4492,0,0,0,0,1,1
2025-04-08,10_HEAD_Lan Ho diep,Messages,250,256,1.024,21020,0.390625,1051,82109.375,84080,0,0,0,0,1,1
2025-04-08,10_HEAD_Lan Ho diep,Messages,14,14,1,964,0,0,68857.14286,68857.14286,0,0,0,0,0,0
2025-04-08,BR_Mokar_Tuong tac,Engagement,868,922,1.062212,24145,0.32538,170.035211,26187.63558,27816.82028,0,0,0,0,3,0
2025-04-08,11_Q2_Hon hop,Messages,376,431,1.146277,46560,0.928074,831.428571,108027.8422,123829.7872,0,0,0,1,4,4
2025-04-08,10_HEAD_Lan Ho diep,Messages,201,244,1.21393,18250,0.409836,960.526316,74795.08197,90796.0199,0,0,0,0,1,0
2025-04-08,07_HEAD_Hoa cat canh,Engagement,270,292,1.081481,14399,0.342466,685.666667,49311.64384,53329.62963,0,0,0,0,1,0
2025-04-08,07_HEAD_Hoa cat canh,Engagement,414,456,1.101449,23877,0.219298,770.225806,52361.84211,57673.91304,0,0,0,1,1,3
2025-04-08,07_HEAD_Hoa cat canh,Engagement,467,505,1.08137,22283,0.792079,474.106383,44124.75248,47715.20343,0,0,0,0,4,0
2025-04-07,01_HEAD_Embrace of Tana,Messages,73,74,1.013699,7560,0,2520,102162.1622,103561.6438,0,0,0,0,0,0
2025-04-07,01_HEAD_Embrace of Tana,Messages,918,955,1.040305,31026,0.628272,738.714286,32487.95812,33797.38562,0,0,0,0,6,0
2025-04-07,05_HEAD_Thiet ke,Messages,1,1,1,101,0,0,101000,101000,0,0,0,0,0,0
2025-04-07,04_HEAD_Breezy,Messages,685,764,1.115328,49117,0.78534,909.574074,64289.26702,71703.64964,0,0,0,0,6,2
2025-04-07,01_HEAD_Embrace of Tana,Messages,364,374,1.027473,17896,0.26738,894.8,47850.26738,49164.83517,0,0,0,0,1,0
2025-04-07,10_HEAD_Lan Ho diep,Messages,36,36,1,2535,2.777778,1267.5,70416.66667,70416.66667,0,0,0,0,1,0
2025-04-07,01_HEAD_Embrace of Tana,Messages,60,61,1.016667,9183,0,0,150540.9836,153050,0,0,0,0,0,0
2025-04-07,01_HEAD_Embrace of Tana,Messages,142,150,1.056338,14207,0.666667,1775.875,94713.33333,100049.2958,0,0,0,0,1,0
2025-04-07,04_HEAD_Breezy,Messages,242,247,1.020661,17446,0.404858,1342,70631.57895,72090.90909,0,0,0,0,1,0
2025-04-07,11_Q7_Hon hop,Messages,858,1058,1.2331,71339,0.378072,706.326733,67428.16635,83145.68765,0,0,0,1,4,3
2025-04-07,04_HEAD_Breezy,Messages,359,364,1.013928,14811,0.824176,548.555556,40689.56044,41256.26741,0,0,0,0,3,1
2025-04-07,05_HEAD_Thiet ke,Messages,983,1161,1.181078,89025,0.430663,1099.074074,76679.58656,90564.59817,0,0,0,0,5,3
2025-04-07,05_HEAD_Thiet ke,Messages,582,692,1.189003,41025,0.144509,1139.583333,59284.68208,70489.69072,0,0,0,0,1,2
2025-04-07,07_HEAD_Hoa cat canh,Engagement,69,70,1.014493,6723,0,1120.5,96042.85714,97434.78261,0,0,0,0,0,0
2025-04-07,07_HEAD_Hoa cat canh,Engagement,278,289,1.039568,16446,0.346021,548.2,56906.57439,59158.27338,0,0,0,0,1,1
2025-04-07,07_HEAD_Hoa cat canh,Engagement,470,703,1.495745,79206,0.56899,1147.913043,112668.5633,168523.4043,0,0,0,0,4,2
2025-04-07,11_Q2_Hon hop,Messages,0,0,0,0,0,0,0,0,0,0,0,0,0,1
2025-04-07,07_Q2_Hoa cat canh,Engagement,474,595,1.255274,50798,0.840336,634.975,85374.78992,107168.7764,0,0,0,0,5,0
2025-04-07,03_HEAD_Dreamy,Engagement,458,515,1.124454,25605,0.38835,2133.75,49718.4466,55906.11354,0,0,0,0,2,0
2025-04-07,11_Q2_Hon hop,Messages,130,133,1.023077,24968,2.255639,2269.818182,187729.3233,192061.5385,0,0,0,0,3,0
2025-04-07,05_HEAD_Thiet ke,Messages,712,762,1.070225,68959,0.656168,1112.241935,90497.37533,96852.52809,0,0,0,0,5,5
2025-04-07,04_HEAD_Breezy,Messages,654,688,1.051988,23495,2.034884,350.671642,34149.7093,35925.07645,0,0,0,0,14,3
2025-04-07,04_HEAD_Breezy,Messages,615,636,1.034146,14908,0.314465,621.166667,23440.25157,24240.65041,0,0,0,0,2,0
2025-04-07,01_HEAD_Embrace of Tana,Messages,467,505,1.08137,23603,0.990099,813.896552,46738.61386,50541.75589,0,0,0,1,5,1
2025-04-07,BR_Mokar_Tuong tac,Engagement,241,242,1.004149,4985,2.066116,184.62963,20599.17355,20684.6473,0,0,0,0,5,0
2025-04-07,01_HEAD_Embrace of Tana,Messages,885,978,1.105085,61868,1.226994,824.906667,63259.7137,69907.34463,0,0,0,0,12,4
2025-04-07,10_HEAD_Lan Ho diep,Messages,415,422,1.016867,38471,0.947867,1373.964286,91163.50711,92701.20482,0,0,0,0,4,1
2025-04-07,05_HEAD_Thiet ke,Messages,55,65,1.181818,6927,0,1731.75,106569.2308,125945.4545,0,0,0,0,0,0
2025-04-07,07_HEAD_Hoa cat canh,Engagement,690,1026,1.486957,122310,0.974659,1019.25,119210.5263,177260.8696,0,0,0,0,10,4
2025-04-07,07_HEAD_Hoa cat canh,Engagement,336,401,1.193452,28989,0.74813,935.129032,72291.77057,86276.78571,0,0,0,0,3,0
2025-04-07,BR_HTM_Tuong tac,Engagement,872,939,1.076835,24606,0.638978,439.392857,26204.47284,28217.88991,0,0,0,0,6,1
2025-04-07,07_Q2_Hoa cat canh,Engagement,207,238,1.149758,22354,1.680672,721.096774,93924.36975,107990.3382,0,0,0,0,4,2
2025-04-07,BR_HTM_Tuong tac,Engagement,607,720,1.186161,19354,3.888889,114.52071,26880.55556,31884.67875,0,0,0,0,28,1
2025-04-07,07_Q7_Hoa cat canh,Engagement,184,246,1.336957,29587,0.813008,1849.1875,120272.3577,160798.913,0,0,0,0,2,1
2025-04-07,07_HEAD_Hoa cat canh,Engagement,424,503,1.186321,46196,0.795229,1049.909091,91840.95427,108952.8302,0,0,0,0,4,1
2025-04-07,10_HEAD_Lan Ho diep,Messages,82,88,1.073171,15183,0,1897.875,172534.0909,185158.5366,0,0,0,0,0,0
2025-04-07,07_HEAD_Hoa cat canh,Engagement,127,128,1.007874,8274,0,551.6,64640.625,65149.6063,0,0,0,0,0,0
2025-04-07,10_HEAD_Lan Ho diep,Messages,549,571,1.040073,52983,0.175131,2943.5,92789.84238,96508.19672,0,0,0,0,1,0
2025-04-07,07_HEAD_Hoa cat canh,Engagement,607,748,1.23229,50555,0.40107,842.583333,67586.8984,83286.65568,0,0,0,0,3,3
2025-04-07,10_HEAD_Lan Ho diep,Messages,240,281,1.170833,33146,0.355872,1657.3,117957.2954,138108.3333,0,0,0,0,1,1
2025-04-07,10_HEAD_Lan Ho diep,Messages,294,320,1.088435,26900,0.3125,747.222222,84062.5,91496.59864,0,0,0,0,1,1
2025-04-07,07_Q7_Hoa cat canh,Engagement,538,668,1.241636,69861,0,1455.4375,104582.3353,129853.1599,0,0,0,0,0,0
2025-04-07,08_HEAD_Daily Flower,Messages,565,673,1.19115,59262,0.594354,1097.444444,88056.4636,104888.4956,0,0,0,0,4,2
2025-04-07,05_HEAD_Thiet ke,Messages,1081,1253,1.159112,101563,0.558659,1103.945652,81055.86592,93952.82146,0,0,0,1,7,4
2025-04-07,05_HEAD_Thiet ke,Messages,510,571,1.119608,36606,0.350263,1262.275862,64108.58144,71776.47059,0,0,0,0,2,2
2025-04-07,10_HEAD_Lan Ho diep,Messages,112,123,1.098214,10775,0,828.846154,87601.62602,96205.35714,0,0,0,1,0,0
2025-04-07,10_HEAD_Lan Ho diep,Messages,327,372,1.137615,30988,0,1475.619048,83301.07527,94764.52599,0,0,0,1,0,1
2025-04-07,10_HEAD_Lan Ho diep,Messages,129,153,1.186047,22812,1.30719,1901,149098.0392,176837.2093,0,0,0,0,2,1
2025-04-07,11_Q7_Hon hop,Messages,721,782,1.084605,28707,2.429668,354.407407,36709.71867,39815.53398,0,0,0,1,19,0
2025-04-07,04_HEAD_Breezy,Messages,308,320,1.038961,15671,2.5,474.878788,48971.875,50879.87013,0,0,0,0,8,0
2025-04-07,10_HEAD_Lan Ho diep,Messages,176,200,1.136364,30076,0.5,1879.75,150380,170886.3636,0,0,0,0,1,1
2025-04-07,BR_Mokar_Tuong tac,Engagement,536,597,1.113806,19180,1.172529,191.8,32127.30318,35783.58209,0,0,0,0,7,0
2025-04-07,11_Q2_Hon hop,Messages,386,410,1.062176,39020,0.243902,1393.571429,95170.73171,101088.0829,0,0,0,1,1,2
2025-04-07,07_HEAD_Hoa cat canh,Engagement,380,398,1.047368,26056,0.502513,789.575758,65467.33668,68568.42105,0,0,0,0,2,1
2025-04-07,10_HEAD_Lan Ho diep,Messages,25,33,1.32,3792,0,948,114909.0909,151680,0,0,0,0,0,0
2025-04-07,07_HEAD_Hoa cat canh,Engagement,177,193,1.090395,14757,0.518135,819.833333,76461.1399,83372.88136,0,0,0,0,1,0
2025-04-07,07_HEAD_Hoa cat canh,Engagement,154,169,1.097403,11265,0.591716,388.448276,66656.80473,73149.35065,0,0,0,0,1,0
2025-04-07,07_HEAD_Hoa cat canh,Engagement,165,179,1.084848,11680,1.117318,556.190476,65251.39665,70787.87879,0,0,0,0,2,0
2025-04-06,11_Q2_Hon hop,Messages,0,0,0,0,0,0,0,0,0,0,0,0,0,1
2025-04-06,05_HEAD_Thiet ke,Messages,146,153,1.047945,17802,0,1780.2,116352.9412,121931.5068,0,0,0,2,0,0
2025-04-06,04_HEAD_Breezy,Messages,297,303,1.020202,10334,0.330033,516.7,34105.61056,34794.6128,0,0,0,0,1,0
2025-04-06,05_HEAD_Thiet ke,Messages,157,157,1,12711,0,2118.5,80961.78344,80961.78344,0,0,0,0,0,0
2025-04-06,05_HEAD_Thiet ke,Messages,7,7,1,286,0,0,40857.14286,40857.14286,0,0,0,0,0,0
2025-04-06,10_HEAD_Lan Ho diep,Messages,105,128,1.219048,15932,0.78125,1770.222222,124468.75,151733.3333,0,0,0,0,1,1
2025-04-06,01_HEAD_Embrace of Tana,Messages,475,485,1.021053,21699,0.618557,1205.5,44740.20619,45682.10526,0,0,0,0,3,0
2025-04-06,01_HEAD_Embrace of Tana,Messages,282,295,1.046099,12230,0.338983,940.769231,41457.62712,43368.79433,0,0,0,1,1,0
2025-04-06,11_Q7_Hon hop,Messages,924,1023,1.107143,71261,0.293255,848.345238,69658.84653,77122.29437,0,0,0,3,3,6
2025-04-06,04_HEAD_Breezy,Messages,399,426,1.067669,13170,0.234742,439,30915.49296,33007.5188,0,0,0,0,1,1
2025-04-06,05_HEAD_Thiet ke,Messages,412,444,1.07767,34887,0.900901,894.538462,78574.32432,84677.18447,0,0,0,0,4,0
2025-04-06,05_HEAD_Thiet ke,Messages,12,12,1,871,0,871,72583.33333,72583.33333,0,0,0,0,0,0
2025-04-06,05_HEAD_Thiet ke,Messages,449,479,1.066815,23662,0.626305,876.37037,49398.74739,52699.33185,0,0,0,0,3,2
2025-04-06,05_HEAD_Thiet ke,Messages,395,419,1.060759,31130,0.477327,1073.448276,74295.94272,78810.12658,0,0,0,0,2,1
2025-04-06,07_HEAD_Hoa cat canh,Engagement,264,277,1.049242,15914,0.361011,663.083333,57451.26354,60280.30303,0,0,0,0,1,1
2025-04-06,07_HEAD_Hoa cat canh,Engagement,447,590,1.319911,68859,0.508475,1434.5625,116710.1695,154046.9799,0,0,0,0,3,1
2025-04-06,11_Q2_Hon hop,Messages,548,595,1.085766,52395,0.504202,1091.5625,88058.82353,95611.31387,0,0,0,0,3,3
2025-04-06,11_Q7_Hon hop,Messages,481,501,1.04158,37677,0.798403,1345.607143,75203.59281,78330.56133,0,0,0,0,4,1
2025-04-06,07_Q2_Hoa cat canh,Engagement,515,604,1.172816,48611,0.496689,992.061224,80481.78808,94390.29126,0,0,0,0,3,0
2025-04-06,03_HEAD_Dreamy,Engagement,473,520,1.099366,27762,0.192308,1207.043478,53388.46154,58693.44609,0,0,0,0,1,1
2025-04-06,04_HEAD_Breezy,Messages,312,315,1.009615,10798,1.904762,337.4375,34279.36508,34608.97436,0,0,0,0,6,0
2025-04-06,04_HEAD_Breezy,Messages,149,154,1.033557,7494,1.298701,624.5,48662.33766,50295.30201,0,0,0,0,2,0
2025-04-06,04_HEAD_Breezy,Messages,236,248,1.050847,11136,0.403226,856.615385,44903.22581,47186.44068,0,0,0,0,1,0
2025-04-06,04_HEAD_Breezy,Messages,381,404,1.060367,11580,0.990099,579,28663.36634,30393.70079,0,0,0,0,4,0
2025-04-06,04_HEAD_Breezy,Messages,724,751,1.037293,24539,1.065246,613.475,32675.09987,33893.64641,0,0,0,1,8,1
2025-04-06,01_HEAD_Embrace of Tana,Messages,2653,2924,1.102149,80225,0.649795,495.216049,27436.73051,30239.35168,0,0,0,2,19,8
2025-04-06,BR_Mokar_Tuong tac,Engagement,1400,1452,1.037143,25412,0.550964,201.68254,17501.37741,18151.42857,0,0,0,0,8,0
2025-04-06,01_HEAD_Embrace of Tana,Messages,639,700,1.095462,35476,0.571429,806.272727,50680,55517.99687,0,0,0,0,4,1
2025-04-06,11_Q7_Hon hop,Messages,1,1,1,46,0,0,46000,46000,0,0,0,0,0,0
2025-04-06,07_HEAD_Hoa cat canh,Engagement,1104,1537,1.39221,154471,0.455433,1544.71,100501.6265,139919.3841,0,0,0,1,7,2
2025-04-06,07_HEAD_Hoa cat canh,Engagement,490,542,1.106122,34326,0.922509,715.125,63332.10332,70053.06122,0,0,0,0,5,3
2025-04-06,BR_HTM_Tuong tac,Engagement,1139,1203,1.05619,30203,1.246883,314.614583,25106.40067,26517.12028,0,0,0,0,15,1
2025-04-06,07_Q2_Hoa cat canh,Engagement,438,523,1.194064,34529,0.573614,986.542857,66021.03251,78833.33333,0,0,0,0,3,1
2025-04-06,BR_HTM_Tuong tac,Engagement,668,897,1.342814,30732,4.013378,133.617391,34260.86957,46005.98802,0,0,0,0,36,0
2025-04-06,07_Q7_Hoa cat canh,Engagement,516,650,1.25969,62722,0.307692,1493.380952,96495.38462,121554.2636,0,0,0,0,2,1
2025-04-06,05_HEAD_Thiet ke,Messages,26,27,1.038462,2154,0,2154,79777.77778,82846.15385,0,0,0,0,0,0
2025-04-06,07_HEAD_Hoa cat canh,Engagement,877,1066,1.215507,84999,0.562852,867.336735,79736.39775,96920.18244,0,0,0,1,6,2
2025-04-06,07_HEAD_Hoa cat canh,Engagement,0,0,0,0,0,0,0,0,0,0,0,0,0,1
2025-04-06,10_HEAD_Lan Ho diep,Messages,156,184,1.179487,32685,0,2042.8125,177635.8696,209519.2308,0,0,0,1,0,1
2025-04-06,07_HEAD_Hoa cat canh,Engagement,1010,1144,1.132673,60854,0.874126,742.121951,53194.05594,60251.48515,0,0,0,1,10,2
2025-04-06,10_HEAD_Lan Ho diep,Messages,60,60,1,4415,1.666667,630.714286,73583.33333,73583.33333,0,0,0,0,1,1
2025-04-06,10_HEAD_Lan Ho diep,Messages,992,1096,1.104839,85091,0.364964,1012.988095,77637.77372,85777.21774,0,0,0,0,4,3
2025-04-06,07_Q7_Hoa cat canh,Engagement,368,438,1.190217,40401,0.228311,1442.892857,92239.72603,109785.3261,0,0,0,0,1,0
2025-04-06,07_HEAD_Hoa cat canh,Engagement,561,645,1.149733,34429,0.310078,800.674419,53378.29457,61370.76649,0,0,0,0,2,1
2025-04-06,08_HEAD_Daily Flower,Messages,730,865,1.184932,58382,0.809249,711.97561,67493.64162,79975.34247,0,0,0,0,7,1
2025-04-06,05_HEAD_Thiet ke,Messages,593,712,1.200675,66749,0.702247,855.75641,93748.59551,112561.5514,0,0,0,1,5,2
2025-04-06,05_HEAD_Thiet ke,Messages,155,171,1.103226,4740,0,1580,27719.29825,30580.64516,0,0,0,0,0,1
2025-04-06,11_Q7_Hon hop,Messages,341,350,1.026393,10265,1.142857,366.607143,29328.57143,30102.6393,0,0,0,0,4,0
2025-04-06,10_HEAD_Lan Ho diep,Messages,294,316,1.07483,23873,1.582278,746.03125,75547.46835,81200.68027,0,0,0,0,5,2
2025-04-06,10_HEAD_Lan Ho diep,Messages,10,10,1,730,10,365,73000,73000,0,0,0,0,1,0
2025-04-06,10_HEAD_Lan Ho diep,Messages,851,1001,1.176263,94207,0.3996,1326.859155,94112.88711,110701.5276,0,0,0,3,4,4
2025-04-06,07_HEAD_Hoa cat canh,Engagement,120,140,1.166667,9545,0,1060.555556,68178.57143,79541.66667,0,0,0,0,0,0
2025-04-06,10_HEAD_Lan Ho diep,Messages,254,315,1.240157,37044,0.952381,882,117600,145842.5197,0,0,0,0,3,1
2025-04-06,10_HEAD_Lan Ho diep,Messages,139,156,1.122302,23232,1.923077,1222.736842,148923.0769,167136.6906,0,0,0,0,3,0
2025-04-06,11_Q2_Hon hop,Messages,331,356,1.075529,29717,1.966292,874.029412,83474.7191,89779.45619,0,0,0,0,7,1
2025-04-06,11_Q7_Hon hop,Messages,80,95,1.1875,6599,0,942.714286,69463.1579,82487.5,0,0,0,0,0,0
2025-04-06,11_Q7_Hon hop,Messages,1431,1536,1.073375,46478,1.822917,311.932886,30259.11458,32479.38505,0,0,0,2,28,4
2025-04-06,04_HEAD_Breezy,Messages,1527,1624,1.063523,71408,2.093596,432.775758,43970.44335,46763.58874,0,0,0,4,34,6
2025-04-05,07_HEAD_Hoa cat canh,Engagement,0,0,0,0,0,0,0,0,0,0,0,0,0,1
2025-04-05,05_HEAD_Thiet ke,Messages,601,682,1.134775,83353,0.733138,1543.574074,122218.4751,138690.5158,0,0,0,2,5,4
2025-04-05,11_Q2_Hon hop,Messages,192,223,1.161458,10732,0.44843,1788.666667,48125.56054,55895.83333,0,0,0,0,1,0
2025-04-05,01_HEAD_Embrace of Tana,Messages,0,0,0,0,0,0,0,0,0,0,0,0,0,1
2025-04-05,05_HEAD_Thiet ke,Messages,75,78,1.04,4685,0,2342.5,60064.10256,62466.66667,0,0,0,0,0,0
2025-04-05,11_Q2_Hon hop,Messages,891,955,1.071829,24189,0.732984,589.97561,25328.79581,27148.14815,0,0,0,0,7,3
2025-04-05,01_HEAD_Embrace of Tana,Messages,175,176,1.005714,6155,0.568182,1231,34971.59091,35171.42857,0,0,0,0,1,0
2025-04-05,10_HEAD_Lan Ho diep,Messages,326,338,1.03681,26565,0.591716,1155,78594.67456,81487.73006,0,0,0,0,2,2
2025-04-05,10_HEAD_Lan Ho diep,Messages,113,113,1,9731,0,3243.666667,86115.04425,86115.04425,0,0,0,0,0,0
2025-04-05,01_HEAD_Embrace of Tana,Messages,201,210,1.044776,13555,0,2259.166667,64547.61905,67437.81095,0,0,0,0,0,0
2025-04-05,05_HEAD_Thiet ke,Messages,475,481,1.012632,52696,0.623701,1351.179487,109555.0936,110938.9474,0,0,0,0,3,1
2025-04-05,01_HEAD_Embrace of Tana,Messages,1162,1296,1.115318,43091,0.385802,662.938462,33249.2284,37083.47676,0,0,0,0,5,1
2025-04-05,04_HEAD_Breezy,Messages,1029,1167,1.134111,54323,0.257069,679.0375,46549.27164,52792.0311,0,0,0,1,3,3
2025-04-05,10_HEAD_Lan Ho diep,Messages,75,77,1.026667,13794,1.298701,1970.571429,179142.8571,183920,0,0,0,0,1,1
2025-04-05,07_HEAD_Hoa cat canh,Engagement,597,718,1.20268,56007,0.557103,1244.6,78004.17827,93814.07035,0,0,0,0,4,0
2025-04-05,11_Q2_Hon hop,Messages,1567,1860,1.186981,148218,0.430108,1300.157895,79687.09677,94587.10913,0,0,0,0,8,3
2025-04-05,01_HEAD_Embrace of Tana,Messages,1055,1119,1.060664,28827,0.625559,640.6,25761.3941,27324.17062,0,0,0,0,7,0
2025-04-05,04_HEAD_Breezy,Messages,410,478,1.165854,23429,0.209205,1233.105263,49014.64435,57143.90244,0,0,0,0,1,0
2025-04-05,04_HEAD_Breezy,Messages,798,865,1.08396,24311,0.578035,1350.611111,28105.20231,30464.91228,0,0,0,0,5,0
2025-04-05,04_HEAD_Breezy,Messages,2578,2861,1.109775,79327,1.11849,455.902299,27727.01853,30770.75252,0,0,0,3,32,5
2025-04-05,01_HEAD_Embrace of Tana,Messages,788,849,1.077411,21918,0.117786,592.378378,25816.25442,27814.72081,0,0,0,0,1,0
2025-04-05,BR_Mokar_Tuong tac,Engagement,1261,1307,1.036479,25859,0.6886,224.86087,19785.00383,20506.74068,0,0,0,0,9,1
2025-04-05,11_Q7_Hon hop,Messages,378,433,1.145503,27056,0.692841,1040.615385,62484.98845,71576.71958,0,0,0,0,3,0
2025-04-05,11_Q7_Hon hop,Messages,20,21,1.05,2398,0,2398,114190.4762,119900,0,0,0,0,0,0
2025-04-05,03_HEAD_Dreamy,Engagement,525,585,1.114286,32621,1.025641,1254.653846,55762.39316,62135.2381,0,0,0,0,6,1
2025-04-05,07_HEAD_Hoa cat canh,Engagement,1640,2626,1.60122,214469,0.228484,1576.977941,81671.36329,130773.7805,0,0,0,0,6,6
2025-04-05,BR_HTM_Tuong tac,Engagement,1079,1138,1.05468,31009,1.405975,252.105691,27248.6819,28738.6469,0,0,0,0,16,0
2025-04-05,07_Q2_Hoa cat canh,Engagement,544,727,1.336397,58618,0,1274.304348,80629.98625,107753.6765,0,0,0,0,0,0
2025-04-05,BR_HTM_Tuong tac,Engagement,980,1132,1.155102,30442,1.325088,161.068783,26892.22615,31063.26531,0,0,0,0,15,0
2025-04-05,07_Q7_Hoa cat canh,Engagement,961,1105,1.149844,77424,0.361991,980.050633,70066.96833,80566.077,0,0,0,1,4,0
2025-04-05,05_HEAD_Thiet ke,Messages,56,57,1.017857,3955,0,3955,69385.96491,70625,0,0,0,0,0,1
2025-04-05,10_HEAD_Lan Ho diep,Messages,762,843,1.106299,66913,0.830368,929.347222,79374.85172,87812.33596,0,0,0,1,7,3
2025-04-05,07_HEAD_Hoa cat canh,Engagement,776,881,1.135309,49819,0.681044,958.057692,56548.24064,64199.74227,0,0,0,0,6,4
2025-04-05,10_HEAD_Lan Ho diep,Messages,750,895,1.193333,71309,1.117318,609.478632,79674.86034,95078.66667,0,0,0,1,10,5
2025-04-05,04_HEAD_Breezy,Messages,13,13,1,1163,0,1163,89461.53846,89461.53846,0,0,0,0,0,0
2025-04-05,07_Q7_Hoa cat canh,Engagement,163,236,1.447853,23844,0.423729,2384.4,101033.8983,146282.2086,0,0,0,0,1,0
2025-04-05,07_HEAD_Hoa cat canh,Engagement,603,777,1.288557,51300,0.514801,916.071429,66023.16602,85074.62687,0,0,0,0,4,3
2025-04-05,08_HEAD_Daily Flower,Messages,751,973,1.295606,73976,0.924974,902.146341,76028.77698,98503.3289,0,0,0,0,9,1
2025-04-05,05_HEAD_Thiet ke,Messages,386,427,1.106218,36826,0.468384,1115.939394,86243.55972,95404.14508,0,0,0,1,2,1
2025-04-05,05_HEAD_Thiet ke,Messages,63,71,1.126984,3896,0,556.571429,54873.23944,61841.26984,0,0,0,0,0,0
2025-04-05,11_Q7_Hon hop,Messages,1427,1487,1.042046,43963,1.412239,396.063063,29564.89576,30807.98879,0,0,0,0,21,3
2025-04-05,10_HEAD_Lan Ho diep,Messages,397,449,1.130982,39211,0.668151,739.830189,87329.62138,98768.26197,0,0,0,0,3,4
2025-04-05,10_HEAD_Lan Ho diep,Messages,117,121,1.034188,10955,0.826446,1217.222222,90537.19008,93632.47863,0,0,0,0,1,0
2025-04-05,10_HEAD_Lan Ho diep,Messages,742,931,1.254717,103884,0.75188,1129.173913,111583.2438,140005.3908,0,0,0,1,7,3
2025-04-05,07_HEAD_Hoa cat canh,Engagement,194,224,1.154639,21421,0,1785.083333,95629.46429,110417.5258,0,0,0,0,0,0
2025-04-04,05_HEAD_Thiet ke,Messages,1195,1420,1.188285,179237,0.704225,1244.701389,126223.2394,149989.1213,0,0,0,2,10,13
2025-04-04,11_Q2_Hon hop,Messages,531,675,1.271186,35495,0.888889,1109.21875,52585.18519,66845.57439,0,0,0,0,6,0
2025-04-04,01_HEAD_Embrace of Tana,Messages,636,684,1.075472,27500,0.730994,948.275862,40204.67836,43238.99371,0,0,0,1,5,1
2025-04-04,05_HEAD_Thiet ke,Messages,163,182,1.116564,10261,0.549451,1026.1,56379.12088,62950.92025,0,0,0,0,1,1
2025-04-04,11_Q2_Hon hop,Messages,1900,2117,1.114211,48219,0.42513,492.030612,22777.04299,25378.42105,0,0,0,0,9,4
2025-04-04,01_HEAD_Embrace of Tana,Messages,0,0,0,0,0,0,0,0,0,0,0,0,0,1
2025-04-04,05_HEAD_Thiet ke,Messages,83,88,1.060241,16404,1.136364,1367,186409.0909,197638.5542,0,0,0,0,1,0
2025-04-04,10_HEAD_Lan Ho diep,Messages,470,491,1.044681,31346,0.814664,746.333333,63841.14053,66693.61702,0,0,0,0,4,0
2025-04-04,11_Q7_Hon hop,Messages,1109,1284,1.1578,87229,0.155763,1090.3625,67935.35826,78655.54554,0,0,0,0,2,2
2025-04-04,04_HEAD_Breezy,Messages,1412,1518,1.075071,44306,0.461133,434.372549,29187.08827,31378.18697,0,0,0,1,7,2
2025-04-04,05_HEAD_Thiet ke,Messages,325,355,1.092308,25352,0.28169,768.242424,71414.08451,78006.15385,0,0,0,0,1,3
2025-04-04,05_HEAD_Thiet ke,Messages,137,146,1.065693,6882,0,860.25,47136.9863,50233.57664,0,0,0,0,0,0
2025-04-04,07_HEAD_Hoa cat canh,Engagement,1109,1538,1.386835,115154,0.715215,992.706897,74872.56177,103835.8882,0,0,0,0,11,0
2025-04-04,11_Q2_Hon hop,Messages,1208,1442,1.193709,128985,0.624133,1141.460177,89448.68239,106775.6623,0,0,0,0,9,6
2025-04-04,01_HEAD_Embrace of Tana,Messages,1596,1828,1.145363,72568,0.820569,930.358974,39698.03064,45468.67168,0,0,0,1,15,1
2025-04-04,04_HEAD_Breezy,Messages,98,105,1.071429,6176,3.809524,514.666667,58819.04762,63020.40816,0,0,0,0,4,0
2025-04-04,04_HEAD_Breezy,Messages,1981,2170,1.095406,60800,0.829493,515.254237,28018.43318,30691.56991,0,0,0,3,18,6
2025-04-04,01_HEAD_Embrace of Tana,Messages,4033,4626,1.147037,131385,0.605275,521.369048,28401.42672,32577.48574,0,0,0,1,28,12
2025-04-04,BR_Mokar_Tuong tac,Engagement,1365,1427,1.045421,25824,0.49054,266.226804,18096.70638,18918.68132,0,0,0,0,7,0
2025-04-04,01_HEAD_Embrace of Tana,Messages,0,0,0,0,0,0,0,0,0,0,0,0,0,0
2025-04-04,11_Q7_Hon hop,Messages,1057,1130,1.069063,37071,2.035398,337.009091,32806.19469,35071.90161,0,0,0,3,23,1
2025-04-04,11_Q7_Hon hop,Messages,686,792,1.154519,47273,0,1125.547619,59688.13131,68911.07872,0,0,0,0,0,0
2025-04-04,03_HEAD_Dreamy,Engagement,939,1092,1.162939,59033,0.274725,831.450704,54059.52381,62867.94462,0,0,0,1,3,2
2025-04-04,07_HEAD_Hoa cat canh,Engagement,1220,2004,1.642623,160321,0.449102,1187.562963,80000.499,131410.6557,0,0,0,0,9,0
2025-04-04,BR_HTM_Tuong tac,Engagement,1534,1612,1.050847,30932,0.868486,278.666667,19188.58561,20164.2764,0,0,0,0,14,0
2025-04-04,07_Q2_Hoa cat canh,Engagement,426,592,1.389671,53493,1.013514,906.661017,90359.7973,125570.4225,0,0,0,0,6,1
2025-04-04,BR_HTM_Tuong tac,Engagement,954,1243,1.302935,29953,2.574417,139.316279,24097.34513,31397.27463,0,0,0,0,32,0
2025-04-04,07_Q7_Hoa cat canh,Engagement,675,780,1.155556,58563,0.512821,813.375,75080.76923,86760,0,0,0,0,4,1
2025-04-04,05_HEAD_Thiet ke,Messages,29,32,1.103448,3363,0,3363,105093.75,115965.5172,0,0,0,0,0,0
2025-04-04,07_HEAD_Hoa cat canh,Engagement,723,830,1.147994,58579,0.361446,861.455882,70577.10843,81022.13001,0,0,0,0,3,3
2025-04-04,10_HEAD_Lan Ho diep,Messages,2338,2648,1.132592,167694,0.528701,1096.039216,63328.54985,71725.40633,0,0,0,1,14,10
2025-04-04,07_HEAD_Hoa cat canh,Engagement,0,0,0,0,0,0,0,0,0,0,0,0,0,1
2025-04-04,10_HEAD_Lan Ho diep,Messages,28,35,1.25,5739,0,5739,163971.4286,204964.2857,0,0,0,0,0,0
2025-04-04,10_HEAD_Lan Ho diep,Messages,211,277,1.312796,31113,0.361011,1728.5,112321.2996,147454.9763,0,0,0,0,1,0
2025-04-04,04_HEAD_Breezy,Messages,127,130,1.023622,8021,0.769231,501.3125,61700,63157.48032,0,0,0,0,1,0
2025-04-04,11_Q7_Hon hop,Messages,10,11,1.1,1029,0,1029,93545.45455,102900,0,0,0,0,0,0
2025-04-04,08_HEAD_Daily Flower,Messages,365,449,1.230137,46590,0,1606.551724,103763.9198,127643.8356,0,0,0,0,0,0
2025-04-04,07_Q7_Hoa cat canh,Engagement,240,310,1.291667,30560,0.645161,1608.421053,98580.64516,127333.3333,0,0,0,0,2,0
2025-04-04,07_HEAD_Hoa cat canh,Engagement,11,12,1.090909,715,0,0,59583.33333,65000,0,0,0,0,0,0
2025-04-04,08_HEAD_Daily Flower,Messages,78,83,1.064103,5059,0,562.111111,60951.80723,64858.97436,0,0,0,0,0,0